nome,descricao,tipo,codigo,valor_estimado,grupo,ativo,exercicio,ordem_exibicao,,,,,
Aquisição de crachás,"Necessidade de indentificação de membros, servidores, estagiários e visitantes que adentrem aos órgãos do MPPI.",Material Permanente,10111,"R$ 15,00",Material Permanente,True,2027,1,,,,,
Impressão e veiculação de outdoors,Fortalecer a imagem e a identidade institucional do MPPI,Serviço,14249,"R$ 600,00",Serviço,True,2027,2,,,,,
Equipamentos para produção Audiovisual e de apoio ao Cerimonial,Necessidade de isnturmentar e aparelhar a equipe do Cerimonial do MPPI,Material Permanente,341813,"R$ 132.366,24",Material Permanente,True,2027,3,,,,,
Aquisição de tapetes em capacho,Aquisição de tapetes em capacho é necessária para manter a limpeza na entrada das sedes e visual de forma padronizada as unidades do MPPI.,Material de Consumo,15865,"R$ 409,00",Material de Consumo,True,2027,4,,,,,
Contratação de empresa especializada na prestação de serviços securitários para a Van Sprinter que funciona como laboratório móvel do PROCON do MPPI,A contratação de seguro para o veículo informado tem como objetivo proteger o patrimônio público em caso de eventuais sinistros e contra despesas reparativas por prejuízos causados a terceiros,Serviço,13943,"R$ 5.648,00",Serviço,True,2027,6,,,,,
Contratação de empresa especializada na prestação de serviços de chaveiro,"Necessidade de aquisição de cópias e confecção de chaves, aberturas de portas e gaveteiros",Serviço,5436,"R$ 11.340,00",Serviço,True,2027,7,,,,,
" Serviços de manutenção preventiva e corretiva, com o fornecimento de peças, para 2 (dois) motores-geradores de energia elétrica ","Contratação de empresa especializada para prestação de serviços de manutenção preventiva e corretiva, com o fornecimento de peças, para 2 (dois) motores-geradores de energia elétrica do MPPI localizados nas Ruas Álvaro Mendes, 2294 – Centro e Lindolfo Monteiro, 911 - Fátima, Teresina-PI. ",Serviço,8715,"R$ 10.000,00",Serviço,True,2027,8,,,,,
Aquisição de Plantas  Ornamentais e e vasos,"A aquisição de plantas é necessária para deixar os ambientes internos do MPPI mais agradáveis, além do embelezamento, é possível que o ar fique mais purificado",Material de Consumo,17027,"R$ 11.000,00",Material de Consumo,True,2027,9,,,,,
Purificador de água,A aquisição justifica-se pela necessidade de reposição do estoque e pela necessidade de manter as sedes com aparelho de resfriamento de água para atender a todo o MPPI.,Material Permanente,15695,"R$ 956,37",Material Permanente,True,2027,10,,,,,
Ribbon de resina,Necessidade de atender a demanda da divisão de material permanente para emplaquetar os materiais.,Material de Consumo,7590,"R$ 35,00",Material de Consumo,True,2027,11,,,,,
Plaquetas em poliester (etiqueta adesiva),Necessidade de atender a demanda da divisão de material permanente para emplaquetar os materiais.,Material de Consumo,21,"R$ 110,00",Material de Consumo,True,2027,12,,,,,
"Locação de Equipamento de Controle de Acesso Pessoal, sedes Leste e Centro em Teresina-PI",Necessidade de controle de acesso de pessoas aos edificios sedes do MP-PI,Serviço,27430,"R$ 35.671,56",Serviço,True,2027,13,,,,,
Curso sobre gestão patrimonial,"Qualificação da equipe na área administrativa, especificamente sobre a gestão patrimonial dos bens do setor público, ref. registro, depreciação, atualização dos valores, baixa e outras operações. ",Serviço,21172,"R$ 2.500,00",Serviço,True,2027,14,,,,,
Clearview Professional ,Núcleos de Inteligência e Operacional,Material Permanente,27502,"R$ 144.690,00",Material Permanente,True,2027,15,,,,,
Serviço Anual de Subscrição de Solução de Proteção de Dispositivos - Antivírus,Necessidade de Aquisição de Equipamentos e Sistemas para Manter a Segurança Contra Invasão de Dados do MPPI,Serviço de TI,24333,"R$ 319,42",Serviço de TI,True,2027,16,,,,,
Serviço de  Cobertura Securitária ( Apólice Aberta) para Assegura Vidas de Estagiaríos e Servidores Voluntários do MPPI,Necessidade de manter seguro de vidas ativo para ressarcir enventuais sinistros envolvendo estagiários deste Parquet,Serviço,30142,"R$ 1.100,00",Serviço,True,2027,17,,,,,
Locação de Imóvel para a PJ de Esperantina - PI,Atender ás demandas de locação do MPPI,Serviço,22721,"R$ 47.194,92",Serviço,True,2027,18,,,,,
Fornecimento de solução Tecnólogicas de Segurança Corporativa na Modalidade SAAS - Harpia, Necessidade de Aquisição de Equipamentos e Sistemas para Manter a Segurança Contra Invasão de Dados do MPPI,Serviço de TI,27758,"R$ 588.298,25",Serviço de TI,True,2027,19,,,,,
Sondagem e Topografia de terrenos,"Necessário a contratação de empresa para execução de serviços de topografia e sondagem visando garantir a segurança e eficiência das futuras obras do MPPI, promovendo a durabilidade e  sustentabilidade das estruturas.",Serviço,922,"R$ 35.000,00",Serviço,True,2027,20,,,,,
"Assinatura Anual ( 5 Licença) da Ferramenta ""Zênite Fácil"" com IA","Necessidade de manter plataforma de pesquisa de temas específicos de licitações e contratações em ambiente fácil, rápido e de conteúdo seguro.",Software,30001,"R$ 22.000,00",Software,True,2027,21,,,,,
Gerenciamento do Abastecimento  e da manutenção da Frota Veicular do MPPI,"A renovação  é fundamnetal pela necessidade de manutenção e abastecimentos dos veículos de propriedade do MPPI, visando dar suporte aos membros e servidores em viagens pelo interior do estado.",Serviço,3565,"R$ 1.605.460,00",Serviço,True,2027,22,,,,,
Serviço de Administração de Estacionamento através de cancelas de acesso na sede leste em Teresina-PI,"Necessidade de manter o controle de aceosso na sede leste daas Promotorias e Procuradoras de Justiça. CEAF, PROCON, Corregedoria e Ouvidoria do MPPI.",Serviço,18406,"R$ 61.488,00",Serviço,True,2027,23,,,,,
Soluçao de Tecnologia e Comunicação de Licenças do Software Microsoft Power Bi Premium per User (CFQ7TTC0HL8W-0001) POR 12 MESES.,"Necessidade de software para geração de painéis, gráficos e outros para otimizar a leitura de dados",Serviço,22179,"R$ 1.543,08",Serviço,True,2027,24,,,,,
"Locação de Imóvel para o GAECO, GSI E GERGOG ",Atender ás demandas de locação do MPPI,Serviço,22721,"R$ 201.224,00",Serviço,True,2027,25,,,,,
"Manutenção Preventiva e Corretiva com Fornecimento de Peças dos Aparelhos de Ar- Condiconador Tipo split, Bebedouro, Purificador de  Água, Frigobar, Geladeira, Bem como recarga de Gás para o MP-PI ",Necessidade de manter os aparelhos e equipamentos em perfeito funcionamento e rendimento para manter os ambientes deste órgão refrigerados.,Serviço,3492,"R$ 40.000,00",Serviço,True,2027,26,,,,,
Seguro para veículos do PROCON: ÔNIBUS E MOTOCICLETAS.,A renovação de seguro faz-se necessária para cobertura de eventuais sinistros que possam ocorrer durante a vigência contratual.,Serviço,2276,"R$ 14.500,90",Serviço,True,2027,27,,,,,
Licença de uso do Software Atlassian Crowd ,Necessidade de Aquisição de Equipamentos e Sistemas para Manter a Segurança Contra Invasão de Dados do MPP,Software,27502,"R$ 79.275,00",Software,True,2027,28,,,,,
Fornecimento de flores,Necessidade de ornamentação de espaços para eventos instituição e prestação de homenagens a personalidades.,Serviço,17027,"R$ 39.450,00",Serviço,True,2027,29,,,,,
"Serviço de locação, montagem e desmontagem de estruturas para eventos","Necessidade de locação e instalação de materiais e equipamentos diversos (painel de led, iluminação, grids, palco, backdrop, etc) para a realização de eventos institucionais.",Serviço,13099,"R$ 60.000,00",Serviço,True,2027,30,,,,,
Serviço de locação de mobiliário e itens de decoração para eventos,"Necessidade de locação e instalação de mobiliário e itens de decoração (cadeiras Tiffany, mesa, bandejas, poltronas, etc) para a realização de eventos institucionais.",Serviço,20460,"R$ 60.000,00",Serviço,True,2027,31,,,,,
Serviços Continuados  de Auxiliar Administrativo- Cidade de Teresina e Picos ,A renovação é importante para o desenvolvimento de atividade auxuliares de contratados administrativos terceirizados,Serviço Tercerizado,25631,"R$ 485.422,00",Serviço Tercerizado,True,2027,32,,,,,
"BATERIA
SELADA
12V 9A",Reposição das baterias de nobreak,Material Permanente,483860,"R$ 93,84",Material Permanente,True,2027,33,,,,,
IPTU sede leste,"Necessidade de pagamento do Imposto Predial e Territorial Urbano, ou seja, o IPTU, que é um tributo que incide sobre a propriedade imobiliária e pelo contrato de locação da sede leste é de obrigação do MPPI.",Serviço de Engenharia,0,"R$ 295.732,48",Serviço de Engenharia,True,2027,35,,,,,
"Aparelho Ar Condicionado Tipo: Split Hi Wall Capacidade Refrigeração: 12.000 BTU Tensão: 220 V Características Adicionais 1: Controle Remoto S/Fio, Inverter",A aquisição justifica-se pela necessidade de climatização das novas sedes do MPPI e também a substituição de aparelhos no fim da vida útil que eventualmente apresentarem defeito insanável.,Material Permanente,13768,"R$ 1.719,00",Material Permanente,True,2027,38,,,,,
"Aparelho Ar Condicionado Tipo: Split Hi Wall Capacidade Refrigeração: 12.000 BTU Tensão: 220 V Características Adicionais 1: Controle Remoto S/Fio, Inverter",A aquisição justifica-se pela necessidade de climatização das novas sedes do MPPI e também a substituição de aparelhos no fim da vida útil que eventualmente apresentarem defeito insanável.,Material Permanente,13768,"R$ 2.443,26",Material Permanente,True,2027,55,,,,,
"Aparelho Ar Condicionado Tipo: Split Hi Wall Capacidade Refrigeração: 18.000 BTU Tensão: 220 V Características Adicionais 1: Controle Remoto S/Fio, Inverter",A aquisição justifica-se pela necessidade de climatização das novas sedes do MPPI e também a substituição de aparelhos no fim da vida útil que eventualmente apresentarem defeito insanável.,Material Permanente,13768,"R$ 2.778,00",Material Permanente,True,2027,56,,,,,
"Aparelho Ar Condicionado Tipo: Split Hi Wall Capacidade Refrigeração: 18.000 BTU Tensão: 220 V Características Adicionais 1: Controle Remoto S/Fio, Inverter",A aquisição justifica-se pela necessidade de climatização das novas sedes do MPPI e também a substituição de aparelhos no fim da vida útil que eventualmente apresentarem defeito insanável.,Material Permanente,13768,"R$ 3.587,36",Material Permanente,True,2027,57,,,,,
"Aparelho Ar Condicionado Tipo: Split Hi Wall Capacidade Refrigeração: 18.000 BTU Tensão: 220 V Características Adicionais 1: Controle Remoto S/Fio, Inverter",A aquisição justifica-se pela necessidade de climatização das novas sedes do MPPI e também a substituição de aparelhos no fim da vida útil que eventualmente apresentarem defeito insanável.,Material Permanente,13768,"R$ 3.587,36",Material Permanente,True,2027,58,,,,,
Aparelho Ar Condicionado Tipo: Split Modelo: Split Inverter Capacidade Refrigeração: 24.000 BTU Tensão: 110/220 VCaracterísticas Adicionais 1: Controle Remoto/Display Digital/Timer/Selo Procel,A aquisição justifica-se pela necessidade de climatização das novas sedes do MPPI e também a substituição de aparelhos no fim da vida útil que eventualmente apresentarem defeito insanável.,Material Permanente,13768,"R$ 3.304,00",Material Permanente,True,2027,59,,,,,
Aparelho Ar Condicionado Tipo: Split Modelo: Split Inverter Capacidade Refrigeração: 24.000 BTU Tensão: 110/220 VCaracterísticas Adicionais 1: Controle Remoto/Display Digital/Timer/Selo Procel,A aquisição justifica-se pela necessidade de climatização das novas sedes do MPPI e também a substituição de aparelhos no fim da vida útil que eventualmente apresentarem defeito insanável.,Material Permanente,13768,"R$ 4.552,04",Material Permanente,True,2027,60,,,,,
"Aparelho Ar Condicionado Tipo: Split Modelo: Split Inverter Capacidade Refrigeração: 30.000 BTU Tensão: 220 V Características Adicionais 1: Ciclo Frio, Selo Procel, Controle Remoto Sem Fio",A aquisição justifica-se pela necessidade de climatização das novas sedes do MPPI e também a substituição de aparelhos no fim da vida útil que eventualmente apresentarem defeito insanável.,Material Permanente,13768,"R$ 4.300,00",Material Permanente,True,2027,61,,,,,
"Aparelho Ar Condicionado Tipo: Split Modelo: Split Inverter Capacidade Refrigeração: 30.000 BTU Tensão: 220 V Características Adicionais 1: Ciclo Frio, Selo Procel, Controle Remoto Sem Fio",A aquisição justifica-se pela necessidade de climatização das novas sedes do MPPI e também a substituição de aparelhos no fim da vida útil que eventualmente apresentarem defeito insanável.,Material Permanente,13768,"R$ 6.025,73",Material Permanente,True,2027,62,,,,,
Oferecimento de media training (treinamento de mídia) para integrantes do MPPI,"É atribuição da CCS facilitar o relacionamento entre o MPPI e a imprensa, em prol da construção de uma boa reputação institucional.",Treinamento - Qualificação Profissional ,21172,"R$ 24.000,00",Treinamento - Qualificação Profissional ,True,2027,63,,,,,
Confecção de bandeiras em diversos tamanhos,Bandeiras para utilização em eventos e caracterização de sedes institucionais.,Material de Consumo,16330,"R$ 20.000,00",Material de Consumo,True,2027,64,,,,,
Brindes para divulgação de campanhas e ações institucionais,Necessidade de ornamentação de espaços para eventos instituição e prestação de homenagens a personalidades.,Material de Consumo,8305,"R$ 20.000,00",Material de Consumo,True,2027,66,,,,,
Produção e edição de vídeos institucionais ,Demanda por produção de campanhas com conteúdo audiovisual.,Material de Consumo,15458,"R$ 249.000,00",Material de Consumo,True,2027,69,,,,,
Assinatura de serviço de streaming para transmissão da Rádio MPPI e serviços de manutenção da rádio,"Necessidade de continuação da transmissão on-line da Rádio MPPI, por meio de sistema de streaming e gerenciamento.",Serviço,21172,"R$ 11.507,88",Serviço,True,2027,70,,,,,
Confecção de camisetas personalizadas para campanhas e projetos,Necessidade de promoção de capanhas institucionais junto à sociedade.,Material de Consumo,10030,"R$ 20.000,00",Material de Consumo,True,2027,71,,,,,
"Gestão Tributária no Setor público. Retenções de IRRF, INSS, ISS, PIS/COFINS/CSLL; Compensações tributárias; EFD-Reinf, DCTFWeb e eSocial; Responsabilidade solidária do órgão público.","Qualificação da equipe na área administrativa, especificamente sobre a gestão patrimonial dos bens do setor público, ref. registro, depreciação, atualização dos valores, baixa e outras operações. ",Serviço,21172,"R$ 3.490,00",Serviço,True,2027,73,,,,,
"Reforma tributária e seus impáctos no Setor Público: CBS, IBS e IS; substituição de tributos; efeitos sobre contratos e retenções; adequações nos sistemas e fluxos internos.","Qualificação da equipe na área administrativa, especificamente sobre a gestão patrimonial dos bens do setor público, ref. registro, depreciação, atualização dos valores, baixa e outras operações. ",Serviço,21172,#NOME?,Serviço,True,2027,74,,,,,
Prestação de contas e Responsabilidade fiscal. Conceitos da LRF; Transparência e controle social; Elaboração de relatórios de gestão; Sistema de controle interno.,"Qualificação da equipe na área administrativa, especificamente sobre a gestão patrimonial dos bens do setor público, ref. registro, depreciação, atualização dos valores, baixa e outras operações. ",Serviço,21172,"R$ 2.260,00",Serviço,True,2027,76,,,,,
"Toner Impressora Samsung SL-M4070FR. Referência Cartucho: MLT-D203U-AG, Cor Tinta: Preta, Tipo Cartucho: Original Do Fabricante Do Equipamento.",A Contratação é necessária para repor o estoque e manter o funcionamento das atividades ministeriais.,Material de Consumo,400689,"R$ 264,00",Material de Consumo,True,2027,78,,,,,
"Toner Impressora Samsung SCX-4833. Referência: MLT-D205L-AG, Tipo Cartucho: Original Do Fabricante Do Equipamento, Cor Tinta: Preta.",A Contratação é necessária para repor o estoque e manter o funcionamento das atividades ministeriais.,Material de Consumo,400689,"R$ 185,00",Material de Consumo,True,2027,79,,,,,
Toner Impressora HP PRO M428FDW (monocromática): TONER PRETO CF258XC (10.000 pág.) Tipo: Original Do Fabricante Do Equipamento,A Contratação é necessária para repor o estoque e manter o funcionamento das atividades ministeriais.,Material de Consumo,400689,"R$ 279,00",Material de Consumo,True,2027,80,,,,,
"Argamassa Composição: Cimento, Calcário e Aditivos, Cor: Cinza, Aplicação: Rejuntes de Placas Cerâmicas em Pisos e Paredes, Tipo: Ac II. Saco de 20 Kg",A Contratação é necessária para repor o estoque e manter o funcionamento das atividades ministeriais.,Material de Consumo,327084,"R$ 25,21",Material de Consumo,True,2027,81,,,,,
"Bloco Ceramico / Tijolo Vazado para alvenaria de dedação, 8 furos na horizontal de 9 x 19 x 29 cm (L X A X C)",A Contratação é necessária para repor o estoque e manter o funcionamento das atividades ministeriais.,Material de Consumo,216907,"R$ 1,21",Material de Consumo,True,2027,82,,,,,
Cimento Portland - Material: Clinker / Tipo: Cp II. Saco de 50 Kg.,A Contratação é necessária para repor o estoque e manter o funcionamento das atividades ministeriais.,Material de Consumo,237928,"R$ 48,07",Material de Consumo,True,2027,83,,,,,
"Gesso Origem: Mineral , Tipo: Estuque , Aspecto Físico: Pó , Cor: Branco , Aplicação: Construção Civil, Saco de 40 Kg.",A Contratação é necessária para repor o estoque e manter o funcionamento das atividades ministeriais.,Material de Consumo,604867,"R$ 48,62",Material de Consumo,True,2027,84,,,,,
"Massa Corrida Método Aplicação: Com Espátula E Desempenadeira , Tempo Secagem: 3 H, Composição Básica: Pva - Policloreto De Vinila , Solubilidade: Água , Aplicação: Imperfeição Superfície Interna Para Pintura. Embalagem de 25 kg.",A Contratação é necessária para repor o estoque e manter o funcionamento das atividades ministeriais.,Material de Consumo,223504,"R$ 59,52",Material de Consumo,True,2027,85,,,,,
"Massa Premium para textura lisa de base acrílica, branca de uso interno e externo. Lata/balde de 25kg.",A Contratação é necessária para repor o estoque e manter o funcionamento das atividades ministeriais.,Material de Consumo,405922,"R$ 154,33",Material de Consumo,True,2027,87,,,,,
"Forro Teto Material: Fibra Mineral , Comprimento: 1.250 Mm, Largura: 625 Mm, Espessura: 15 Mm, Características Adicionais: Revestida Em Látex/Borda Reta(Lay-In) , Cor: Branca, Tipo: Placa.",A Contratação é necessária para repor o estoque e manter o funcionamento das atividades ministeriais.,Material de Consumo,339950,"R$ 42,50",Material de Consumo,True,2027,88,,,,,
"Placa / Chapa De Gesso Acartonado, Resistente A Umidade (Ru), Cor Verde, E = 12,5 Mm, 1200 X 1800 Mm (L X C)",A Contratação é necessária para repor o estoque e manter o funcionamento das atividades ministeriais.,Material de Consumo,383810,"R$ 49,98",Material de Consumo,True,2027,89,,,,,
Telha Cerâmica Tipo Colonial,A Contratação é necessária para repor o estoque e manter o funcionamento das atividades ministeriais.,Material de Consumo,216973,"R$ 2,70",Material de Consumo,True,2027,91,,,,,
"Adaptador De Conector, Conversor De Video Hdmi Para Vga, Com Conectores Hdmi (Macho) E Vga (Femea), Resolução Máxima De Video De 1080P",A Contratação é necessária para repor o estoque e manter o funcionamento das atividades ministeriais.,Material de Consumo,445782,"R$ 24,29",Material de Consumo,True,2027,92,,,,,
"Cabo Elétrico Flexível Material: Cobre Eletrolítico , Revestimento: Pvc - Cloreto De Polivinila , Temperatura: 70 °C, Tensão Isolamento: 750 V, Cor: Azul , Seção Nominal Condutor: 1,5 Mm. Rolo com 100 metros. Marcas de Referências: Copperline, Sil ou Megatron",A Contratação é necessária para repor o estoque e manter o funcionamento das atividades ministeriais.,Material de Consumo,263714,"R$ 123,71",Material de Consumo,True,2027,93,,,,,
"Cabo Utp Cat5e Cx Com 305Mts -Características De transmissão Verificadas Até 250 Mhz, Conforme Eia/Tia 568 B.2-1. O Prazo De Garantia Será De Nomínimo 01 (Um) Ano. Marcas de Referências: Multilaser, Furokaua e Megatron",A Contratação é necessária para repor o estoque e manter o funcionamento das atividades ministeriais.,Material de Consumo,359291,"R$ 851,68",Material de Consumo,True,2027,94,,,,,
"Cabo Elétrico; De Cobre; Capa Termoplastica Anti-Chama; Tensao De Isolamento P/ 450/750 V; Cabo Tipo Flexivel; Cores Diversas - 10 Mm -Padrao Abnt. Rolo com 100 metros. Marcas de Referências: Copperline, Sil ou Megatron",A Contratação é necessária para repor o estoque e manter o funcionamento das atividades ministeriais.,Material de Consumo,394254,"R$ 850,55",Material de Consumo,True,2027,95,,,,,
"Cabo Flexível Preto 2,5Mm² X 100M: Fios De Cobre, Têmpera Mole, Classe 4; Composto Termoplástico Pvc Tipo Bwf (Antichamas); Isolação Em Dupla Camada; 450/750V; Atender Nbr Nm 247-2 E 247-3 E 280. Rolo com 100 metros. Marcas de Referências: Copperline, Sil ou Megatron",A Contratação é necessária para repor o estoque e manter o funcionamento das atividades ministeriais.,Material de Consumo,394256,"R$ 216,92",Material de Consumo,True,2027,97,,,,,
"Cabo Elétrico Flexível - Tensão Isolamento: 450/750 V, Tipo: Unipolar, Cor Da Cobertura: Vermelha, Material Do Condutor: Cobre, Material Cobertura: Composto Termoplástico Antichama, Bitola: 4,0 Mm. Rolo com 100 metros. Marcas de Referências: Copperline, Sil ou Megatron",A Contratação é necessária para repor o estoque e manter o funcionamento das atividades ministeriais.,Material de Consumo,479508,"R$ 372,23",Material de Consumo,True,2027,98,,,,,
"Cabo Elétrico Flexível - Tensão Isolamento: 450/750 V, Tipo: Unipolar, Cor Da Cobertura: Preta, Material Do Condutor: Cobre, Material Cobertura: Composto Termoplástico Antichama, Bitola: 6 Mm. Rolo com 100 metros. Marcas de Referências: Copperline, Sil ou Megatron",A Contratação é necessária para repor o estoque e manter o funcionamento das atividades ministeriais.,Material de Consumo,459947,"R$ 426,36",Material de Consumo,True,2027,99,,,,,
"Cabo Hdmi De 15 Metros, Alta Velocidade Com Tecnologia Ultra Hd, 4K, 3D. Transmite Vídeo No Formato 4K. Nível De Proteção Superior, Pois Tem Dupla Malha De Revestimento Interno (Blindagem) E Revestimento Externo compatível Hdtv Versão 1.0, 1.2, 1.3A, 1.3B Cat2, Hight Speed 1.4 Multicondutor, Termoplástico Isolado E Revestido.",A Contratação é necessária para repor o estoque e manter o funcionamento das atividades ministeriais.,Material de Consumo,352974,"R$ 97,97",Material de Consumo,True,2027,100,,,,,
"Caixa Para Embutir, Em Pvc, Termoplastico; Na Cor Amarela, Medindo 4 X 2 Polegadas, Caixa De Luz; Alta Resistencia; Para Fixacao De Interruptores E Tomadas Eletricas, Passagem De Eletrodutos E Cabos Eletricos; Para Parede De Alvenaria; Sem Acessorios, Sistema De Fixacao Regulaveis; De Acordo Com A Legislacao Vigente.",A Contratação é necessária para repor o estoque e manter o funcionamento das atividades ministeriais.,Material de Consumo,382432,"R$ 3,27",Material de Consumo,True,2027,101,,,,,
"Canaleta - Material: Pvc - Cloreto De Polivinila, Aplicação: Instalação Elétrica, Cor: Branca, Dimensões: 20 X 10 X 2000 Mm, Tipo: Com Tampa, Características Adicionais: Com Divisória / Com Adesivo Dupla Face.",A Contratação é necessária para repor o estoque e manter o funcionamento das atividades ministeriais.,Material de Consumo,452533,"R$ 8,54",Material de Consumo,True,2027,102,,,,,
Chave De Teste Elétrico - Chave De Teste Digital De Voltagem 12V A 220.,A Contratação é necessária para repor o estoque e manter o funcionamento das atividades ministeriais.,Material de Consumo,471779,"R$ 5,79",Material de Consumo,True,2027,103,,,,,
"Conector Cabo Par Trançado Tipo: Macho , Modelo: Rj45 , Quantidade Vias: 8 , Categoria: 5E , Características Adicionais: Padrão T568 A/B , Aplicação: Para Cabo Utp. Pacote com 500 unidades.",A Contratação é necessária para repor o estoque e manter o funcionamento das atividades ministeriais.,Material de Consumo,463218,"R$ 161,27",Material de Consumo,True,2027,105,,,,,
"Conector Cabo Par Trançado Tipo: Fêmea , Modelo: Rj45 , Quantidade Vias: 8 , Quantidade Contatos: 8 , Categoria: 5E",A Contratação é necessária para repor o estoque e manter o funcionamento das atividades ministeriais.,Material de Consumo,251872,"R$ 9,44",Material de Consumo,True,2027,106,,,,,
"Detector E Teste De Alta Tensao, Para Tensao Alternada, Manual E Portatil, Sem Contato, Alimentacao 2X Pilha 1.5 V Aaa, 50 / 60 Hz, Por Aproximacao Ao Campo Eletrico, Tamanho De Bolso, Faixa De Aplicacao 90 A 1000 Vca, Revestimento Em Material Isolante, Seguranca Cat Iv 1000 V, Indicacao Luminosa E Sonora, Peso Maximo 100 G, Em Embalagem Apropriada, Sem Adaptador, Temperatura 0 A 50 ºc.",A Contratação é necessária para repor o estoque e manter o funcionamento das atividades ministeriais.,Material de Consumo,467295,"R$ 36,74",Material de Consumo,True,2027,108,,,,,
"Disjuntor Termomagnético, Tensão De Trabalho/Operação: 250/440V, Corrente Nominal: 25A, 2 Polos, Curva De Disparo: C, Fixação Em Perfil Din, Secção Dos Condutores: 0,75 A 25 Mm², Capacidade De Interrupção(Icn): 5Ka Em 127/220V, Vida Útil Com Cargas: 20.000 Atuações, Com Certificação Do Inmetro.",A Contratação é necessária para repor o estoque e manter o funcionamento das atividades ministeriais.,Material de Consumo,323557,"R$ 28,80",Material de Consumo,True,2027,109,,,,,
"Eletroduto - Material: Pvc, Tipo: Flexível Corrugado, Bitola: 25 Mm/1 pol. Rolo com 50 metros.",A Contratação é necessária para repor o estoque e manter o funcionamento das atividades ministeriais.,Material de Consumo,384302,"R$ 74,75",Material de Consumo,True,2027,110,,,,,
"Eletroduto “Rígido 3/4” (25 Mm) - Fabricados Em Pvc, Anti-Chama, Em Tubos Fornecidos Em Barras De 3 Metros, Com Rosca Nas Duas Extremidades, Classificação Ip (Índice De Proteção) 40, Conforme Norma Nbr 15465 E Nbr Nm Iso 7-1.",A Contratação é necessária para repor o estoque e manter o funcionamento das atividades ministeriais.,Material de Consumo,242120,"R$ 10,55",Material de Consumo,True,2027,111,,,,,
"Espelho Para Tomadas E Interruptores; De Pvc Rigido; Para Caixa De Parede, Tipo Placa Cega; No Formato Retangular; Nas Dimensoes 4X2; Branca.",A Contratação é necessária para repor o estoque e manter o funcionamento das atividades ministeriais.,Material de Consumo,322480,"R$ 3,38",Material de Consumo,True,2027,112,,,,,
"Espelho Tomada Material: Pvc , Aplicação: Instalação Rede De Informática , Cor: Cinza , Características Adicionais: Para 1 Tomada Modelo Rj45/Com Janela De Proteção , Formato: 4 X 2.",A Contratação é necessária para repor o estoque e manter o funcionamento das atividades ministeriais.,Material de Consumo,234488,"R$ 5,92",Material de Consumo,True,2027,115,,,,,
"Espelho Tomada - Material: Pvc, Aplicação: Instalação Elétrica, Cor: Cinza-Claro, Características Adicionais: Para 2 Tomadas Modelo Rj45/Com Janela De Proteçao, Formato: 4 X 2 Pol.",A Contratação é necessária para repor o estoque e manter o funcionamento das atividades ministeriais.,Material de Consumo,255840,"R$ 6,13",Material de Consumo,True,2027,116,,,,,
"Extensão Elétrica Componentes: 3 Tomadas Fêmeas E Plugue Terra , Comprimento: 10 M, Corrente Nominal: 10 A, Tipo: Flexível , Normas Técnicas: Nbr 14136 , Tensão Nominal: 250V",A Contratação é necessária para repor o estoque e manter o funcionamento das atividades ministeriais.,Material de Consumo,292976,"R$ 52,27",Material de Consumo,True,2027,118,,,,,
"Conversor Cabo Coaxial Aplicação: Cabo De Rede Cat 5E E Cat 6 , Finalidade: Extender Conteúdo Hdmi Full Hd Por Grandes Distânc , Características Adicionais: Extensor De 30 Metros Com Pigtail , Saída Vídeo: Padrão 4K - Rede Rj45",A Contratação é necessária para repor o estoque e manter o funcionamento das atividades ministeriais.,Material de Consumo,614563,"R$ 24,27",Material de Consumo,True,2027,119,,,,,
"Fita Isolante 3M, Adesiva Antichama, Uso Ate 750 V, Em Rolo De 19 Mm X 20 M. ",A Contratação é necessária para repor o estoque e manter o funcionamento das atividades ministeriais.,Material de Consumo,604732,"R$ 27,56",Material de Consumo,True,2027,120,,,,,
"Interruptor, Tipo: Duplo, Quantidade Pólos: 2 Un, Tipo Acionamento: Tecla Simples Horizontal, Tensão Nominal: 250 V, Corrente Nominal: 10 A, Material: Termoplástico Auto-Extinguível.",A Contratação é necessária para repor o estoque e manter o funcionamento das atividades ministeriais.,Material de Consumo,265248,"R$ 16,19",Material de Consumo,True,2027,121,,,,,
Lampada Tubular Led T5 9W 6000K 55Cm Bivolt,A Contratação é necessária para repor o estoque e manter o funcionamento das atividades ministeriais.,Material de Consumo,437523,"R$ 26,05",Material de Consumo,True,2027,122,,,,,
"Lampada Led Tubular Bivolt 18/20 W, Base G13 de 120 cm.",A Contratação é necessária para repor o estoque e manter o funcionamento das atividades ministeriais.,Material de Consumo,437513,"R$ 13,52",Material de Consumo,True,2027,123,,,,,
"Lampada Led Tubular Bivolt 9/10 W, Base G13 de 60 cm.",A Contratação é necessária para repor o estoque e manter o funcionamento das atividades ministeriais.,Material de Consumo,437515,"R$ 11,90",Material de Consumo,True,2027,124,,,,,
"Lampada Led, Bulbo, Soquete E27, Potencia 9W, Tensao Bivolt 100~240V, Temperatura 6000K Branco Frio.",A Contratação é necessária para repor o estoque e manter o funcionamento das atividades ministeriais.,Material de Consumo,434145,"R$ 6,63",Material de Consumo,True,2027,125,,,,,
"Luminaria De Emergencia 30 Leds, Potencia 2 W, Bateria De Litio, Autonomia De 6 Horas.",A Contratação é necessária para repor o estoque e manter o funcionamento das atividades ministeriais.,Material de Consumo,411192,"R$ 21,64",Material de Consumo,True,2027,126,,,,,
"Painel Led Slim De Embutir, Luminária Redonda (225Mm X 210Mm X 20Mm), Bivolt, 18W De Potência, Fonte De Alimentacao Incorporada, Fluxo Luminoso Minimo De 1260 Lumens, Temperatura De Cor De 6500K (Branca Fria), Fator De Potencia Minimo De 0,8, Grau De Protecao Ip40, Vida Util Minima De 50.000 Horas, Angulo De Iluminacao Minimo De 120 Graus, Conforme As Normas Nbr/Abnt E Inmetro Vigentes.",A Contratação é necessária para repor o estoque e manter o funcionamento das atividades ministeriais.,Material de Consumo,469140,"R$ 25,31",Material de Consumo,True,2027,127,,,,,
"Luminaria De Led, Corpo Em Aluminio, Poliestireno E Metal, Formato Quadrado; Modelo Plafon De Sobrepor, Medindo Aproximadamente 205 X 205 Mm, Altura De 24 Mm, Na Cor Branca, Potencia De 18W, Ac 110-220V (Bivolt), Fonte De Alimentacao Incorporada, Fluxo Luminoso Minimo De 1260 Lumens, Temperatura De Cor De 6500K (Branca Fria), Fator De Potencia Minimo De 0,8, Grau De Protecao Ip40, Vida Util Minima De 50.000 Horas, Angulo De Iluminacao Minimo De 120 Graus, Conforme As Normas Nbr/Abnt E Inmetro Vigentes.",A Contratação é necessária para repor o estoque e manter o funcionamento das atividades ministeriais.,Material de Consumo,622835,"R$ 24,69",Material de Consumo,True,2027,128,,,,,
"Luminaria De Led, Corpo Em Aluminio E Difusor Em Poliestireno, Formato Redondo, Modelo Plafon De Sobrepor, Medindo Aproximadamente 225Mm De Diametro X 25Mm De Altura, Na Cor Branca, Potencia De 18W, Bivolt, Fonte De Alimentacao Incorporada, Fluxo Luminoso Minimo De 1300 Lumens, Temperatura De Cor De 6000 A 6500K (Branca Fria), Fator De Potencia Minimo De 0,9, Irc Minimo De 70, Grau De Proteçao Ip20, Vida Util Minima De 25000 horas, ângulo de iluminação minimo de 105 graus, conforme normas NBR/ABNT e INMETRO vigentes.",A Contratação é necessária para repor o estoque e manter o funcionamento das atividades ministeriais.,Material de Consumo,439317,"R$ 21,14",Material de Consumo,True,2027,129,,,,,
"Luminaria De Led, Tipo Refletor, Formato Retangular, Na Cor Branca, Potencia 50 W, Tensao 100 - 240 V Ca / 50-60 Hz, Fluxo Luminoso 3500 Lm, Temperatura De Cor 6500K (Luz Branca Fria), Fator De Potencia > 0,92, Grau De Protecao Ip 65, Vida Util Minima De 30000 Horas, Eficiencia 70Lm/W, Resistente A Agua, Brisa Moderada, Angulo De Iluminacao 120.",A Contratação é necessária para repor o estoque e manter o funcionamento das atividades ministeriais.,Material de Consumo,458575,"R$ 42,61",Material de Consumo,True,2027,130,,,,,
"Luminaria Led Refletor Retangular Bivolt, Luz Branca, 10 W.",A Contratação é necessária para repor o estoque e manter o funcionamento das atividades ministeriais.,Material de Consumo,470258,"R$ 16,83",Material de Consumo,True,2027,132,,,,,
"Luminaria Led Refletor Retangular Bivolt, Luz Branca, 30 W.",A Contratação é necessária para repor o estoque e manter o funcionamento das atividades ministeriais.,Material de Consumo,470262,"R$ 20,17",Material de Consumo,True,2027,134,,,,,
"Luminária Led Embutir Quadrada - Painel Led 18W 1500 Lm Embutir Quadrado Branco Frio 6500K Bivolt; Material: Metal E Policarbonato Branco; Vida Útil De 50.000 Horas; Icr 80 (Índice De Reprodução De Cor); Fator De Potência >0,99; Dimensões 22,5 X 22,5 X 3",A Contratação é necessária para repor o estoque e manter o funcionamento das atividades ministeriais.,Material de Consumo,447016,"R$ 29,49",Material de Consumo,True,2027,135,,,,,
"Luminária Tipo: Tartaruga , Material Corpo: Termoplástico De Engenharia , Quantidade Lâmpadas: 1 Un, Tipo Soquete: Cerâmico Com Base E-27 , Material Difusor: Acrílico Transparente , Fixação: Encaixe , Potência Nominal Lâmpada: 100.",A Contratação é necessária para repor o estoque e manter o funcionamento das atividades ministeriais.,Material de Consumo,601422,"R$ 11,68",Material de Consumo,True,2027,136,,,,,
"Passa Fio, Material Aço Comprimento 20 M Características Adicionais Com Ponta Flexível.",A Contratação é necessária para repor o estoque e manter o funcionamento das atividades ministeriais.,Material de Consumo,379008,"R$ 24,84",Material de Consumo,True,2027,137,,,,,
Refletor De Led 100W Luz 3000K 220V Uso Externo.,A Contratação é necessária para repor o estoque e manter o funcionamento das atividades ministeriais.,Material de Consumo,612325,"R$ 59,75",Material de Consumo,True,2027,138,,,,,
Soquete Para Lampada Led Tubular T8.,A Contratação é necessária para repor o estoque e manter o funcionamento das atividades ministeriais.,Material de Consumo,414605,"R$ 1,24",Material de Consumo,True,2027,139,,,,,
"Tomada - Simples, Aplicação: Instalação Elétrica, Corrente Nominal: 10 A, Normas Técnicas: Nbr 14136, Cor Corpo: Branca, Tensão Nominal: 250 V.",A Contratação é necessária para repor o estoque e manter o funcionamento das atividades ministeriais.,Material de Consumo,398387,"R$ 10,62",Material de Consumo,True,2027,140,,,,,
Tomada 2P+ 1T de 10A 4X2 Tripla Completo.,A Contratação é necessária para repor o estoque e manter o funcionamento das atividades ministeriais.,Material de Consumo,244238,"R$ 27,22",Material de Consumo,True,2027,141,,,,,
Tomada Dupla 2P+T 10A 250V Em Placa 4X2 De Embutir Branca,A Contratação é necessária para repor o estoque e manter o funcionamento das atividades ministeriais.,Material de Consumo,473385,"R$ 10,26",Material de Consumo,True,2027,142,,,,,
"Caixa Passagem Material: Pvc Rígido Anti-Chama , Aplicação: Parede Drywall , Posição Relativa: Embutir , Dimensões: 4 X 2.",A Contratação é necessária para repor o estoque e manter o funcionamento das atividades ministeriais.,Material de Consumo,426023,"R$ 3,42",Material de Consumo,True,2027,143,,,,,
"Interruptor Simples 10A, 250V, Conjunto Montado Para Embutir 4"" X 2"" (Placa + Suporte + Modulo)",A Contratação é necessária para repor o estoque e manter o funcionamento das atividades ministeriais.,Material de Consumo,335461,"R$ 14,11",Material de Consumo,True,2027,144,,,,,
"Multímetro Tensão Ac: 600/1000 V, Corrente Dc: 200/60/600/1000 A, Corrente Ac: 60/600/1000 A, Resistência: 600/6K/60K/600K/6M/60 Mohm, Características Adicionais: Display Lcd 3.3/4 Dígitos, 6000 Contagens , Tensão Dc: 600/1000 V, Tipo: Digital , Sensibilidade: 20 Mohms, Ac/Dc , Capacidade: 1000 V , Funcionamento: 2 Baterias 1,5V (Aaa) , Dimensões: 190 X 70 X 30 M.",A Contratação é necessária para repor o estoque e manter o funcionamento das atividades ministeriais.,Material Permanente,603537,"R$ 71,54",Material Permanente,True,2027,147,,,,,
"Fechadura Espelho Para Porta De Banheiro, Em Aco Inox (Maquina, Testa E Contra- Testa) E Em Zamac (Macaneta, Lingueta E Trincos) Com Acabamento Cromado, Maquina De 40 Mm, Incluindo Chave Tipo Tranqueta.",A Contratação é necessária para repor o estoque e manter o funcionamento das atividades ministeriais.,Material Permanente,356995,"R$ 58,32",Material Permanente,True,2027,148,,,,,
"Fechadura Espelho Para Porta De Banheiro, Em Aco Inox (Maquina, Testa E Contra-Testa) E Em Zamac (Macaneta, Lingueta E Trincos) Com Acabamento Cromado, Maquina De 55 Mm, Incluindo Chave Tipo Tranqueta (Conjunto De Fechaduras)",A Contratação é necessária para repor o estoque e manter o funcionamento das atividades ministeriais.,Material Permanente,356995,"R$ 80,16",Material Permanente,True,2027,149,,,,,
"Fechadura Espelho Para Porta Externa, Em Aco Inox (Maquina, Testa E Contra-Testa) E Em Zamac (Macaneta, Lingueta E Trincos) Com Acabamento Cromado, Maquina De 40 Mm, Incluindo Chave Tipo Cilindro",A Contratação é necessária para repor o estoque e manter o funcionamento das atividades ministeriais.,Material Permanente,233303,"R$ 62,00",Material Permanente,True,2027,150,,,,,
"Kit Porta Pronta De Madeira, Folha Leve (Nbr 15930) De 800 X 2100 Mm, De 35 Mm A 40 Mm De Espessura, Com Marco Em Aco, Nucleo Colmeia, Capa Lisa Em Hdf, Acabamento Melaminico Branco (Inclui Marco, Alizares, Dobradicas E Fechadura)",A Contratação é necessária para repor o estoque e manter o funcionamento das atividades ministeriais.,Material Permanente,465509,"R$ 876,34",Material Permanente,True,2027,152,,,,,
"Porta De Madeira, Folha Media (Nbr 15930) De 800 X 2100 Mm, De 35 Mm A 40 Mm De Espessura, Nucleo Semi-Solido (Sarrafeado), Capa Lisa Em Hdf, Acabamento Em Primer Para Pintura.",A Contratação é necessária para repor o estoque e manter o funcionamento das atividades ministeriais.,Material Permanente,257794,"R$ 314,85",Material Permanente,True,2027,154,,,,,
"Kit Porta Pronta De Madeira, Folha Leve (Nbr 15930) De 600 X 2100 Mm, De 35 Mm A 40 Mm De Espessura, Com Marco Em Aco, Nucleo Colmeia, Capa Lisa Em Hdf, Acabamento Melaminico Branco (Inclui Marco, Alizares, Dobradicas E Fechadura)",A Contratação é necessária para repor o estoque e manter o funcionamento das atividades ministeriais.,Material Permanente,465508,"R$ 871,55",Material Permanente,True,2027,155,,,,,
"Escada Dupla De Abrir Em Aluminio, Modelo Pintor, 8 Degraus.",A Contratação é necessária para repor o estoque e manter o funcionamento das atividades ministeriais.,Material Permanente,323155,"R$ 303,48",Material Permanente,True,2027,158,,,,,
"Eletrodo Aws E-6013 (Ok 46.00; Wi 613) D = 2,5Mm ( Solda Eletrica ). Embalagem com 1 KG.",A Contratação é necessária para repor o estoque e manter o funcionamento das atividades ministeriais.,Material de Consumo,262685,"R$ 22,45",Material de Consumo,True,2027,160,,,,,
"Alicate Crimpador De Cabo De Rede Rj45 / Rj11, Com Catraca W, Cabo Com Isolação Emborrachada. Marcas de Referência: Tramontina, Stanley e Vonder.",A Contratação é necessária para repor o estoque e manter o funcionamento das atividades ministeriais.,Material Permanente,615874,"R$ 88,38",Material Permanente,True,2027,161,,,,,
"Alicate Para Uso Geral, Tipo Universal, Em Aco Cromo Vanadio, Com Tratamento Termico Total E Inducao No Corte, Medindo 8 Polegadas, Com Cabo Isolado Em Pvc Para Ate 1000 V, Acabamento Fosfatizado, Com Faces Lixadas, Com Bico Reto para corte duro.",A Contratação é necessária para repor o estoque e manter o funcionamento das atividades ministeriais.,Material Permanente,445372,"R$ 40,39",Material Permanente,True,2027,162,,,,,
"Alongador Para Rolo De Pintura, De Alumínio Polido, Com Comprimento De 5 Metros, Tipo Telescópico, Com Diametro De 3/4 Polegada, Revestido De Cabo Com Diametro De 30 Mm",A Contratação é necessária para repor o estoque e manter o funcionamento das atividades ministeriais.,Material de Consumo,610997,"R$ 155,34",Material de Consumo,True,2027,163,,,,,
"Arco De Serra, Tipo Regulavel, No Tamanho De 8"" 10"" E 12"", Cabo Fechado, Revestimento Emborrachado, Acabamento Anticorrosivo.",A Contratação é necessária para repor o estoque e manter o funcionamento das atividades ministeriais.,Material Permanente,262781,"R$ 25,51",Material Permanente,True,2027,164,,,,,
"Desempenadeira Manual Material: Aço , Comprimento: 29 Cm, Largura: 12 Cm, Aplicação: Serviços De Obras , Características Adicionais: Lisa",A Contratação é necessária para repor o estoque e manter o funcionamento das atividades ministeriais.,Material Permanente,448856,"R$ 20,93",Material Permanente,True,2027,165,,,,,
"Desempenadeira Manual Material: Aço , Comprimento: 25 Cm, Largura: 12 Cm, Aplicação: Argamassa , Características Adicionais: Com Dentes",A Contratação é necessária para repor o estoque e manter o funcionamento das atividades ministeriais.,Material Permanente,296200,"R$ 18,59",Material Permanente,True,2027,166,,,,,
"Espatula De Aco Inox Com Cabo De Madeira, Largura 8 Cm",A Contratação é necessária para repor o estoque e manter o funcionamento das atividades ministeriais.,Material Permanente,312242,"R$ 17,90",Material Permanente,True,2027,167,,,,,
"Espatula De Plastico Lisa, Largura 10 Cm.",A Contratação é necessária para repor o estoque e manter o funcionamento das atividades ministeriais.,Material Permanente,292092,"R$ 10,63",Material Permanente,True,2027,168,,,,,
"Fio Material: Nylon, Bitola: 3 Mm, Cor: Amarela , Aplicação: Roçadeira, Comprimento: 325.",A Contratação é necessária para repor o estoque e manter o funcionamento das atividades ministeriais.,Material de Consumo,474469,"R$ 267,41",Material de Consumo,True,2027,169,,,,,
"Lâmina Serra Manual - Material: Aço Flexível, Quantidade Dentes: 32 Dentes Por Polegada, Largura: 1/2"" Pol, Comprimento: 12"" Pol.",A Contratação é necessária para repor o estoque e manter o funcionamento das atividades ministeriais.,Material de Consumo,360478,"R$ 15,06",Material de Consumo,True,2027,170,,,,,
"Martelo Material: Ferro , Material Cabo: Madeira , Tipo: Unha , Tamanho: 27 mm",A Contratação é necessária para repor o estoque e manter o funcionamento das atividades ministeriais.,Material Permanente,341794,"R$ 34,30",Material Permanente,True,2027,171,,,,,
"Serrote, Para Gesso, Lamina De Aco Temperado, Comprimento De Corte Do Serrote 6"" - 152 Mm, Numero De Dentes Por Polegada - 9 Dentes, Ponta Afiada Para Furo Inicial,Dupla Linha De Corte E Dentes Travados Com Precisao, Cabo Ergonomico De Plastico Rigido Abs,Recoberto Com Borracha Termoplastica.",A Contratação é necessária para repor o estoque e manter o funcionamento das atividades ministeriais.,Material Permanente,304602,"R$ 15,12",Material Permanente,True,2027,172,,,,,
"Tesoura Poda Comprimento Cabo: 21,50 Cm, Aplicação: Jardinagem , Tipo Uso: Para Cerca Viva , Material Cabo: Madeira , Peso: 730 G, Material Lâmina: Aço Sae 1.060.",A Contratação é necessária para repor o estoque e manter o funcionamento das atividades ministeriais.,Material Permanente,247785,"R$ 58,52",Material Permanente,True,2027,173,,,,,
"Trena, Em Fita De Aco, Com Trava De Botao, Graduacao Em Escala Metrica E polegadas, Retorno Automatico, Ponta Magnetica, 5 Metros.",A Contratação é necessária para repor o estoque e manter o funcionamento das atividades ministeriais.,Material de Consumo,234031,"R$ 32,66",Material de Consumo,True,2027,174,,,,,
"Roda Pneu Macico Eva Plus Para Carrinho De Mao, Eixo De 27 Mm, Peca Unica, Sem Camara, Medindo ( 155X360x360 ) Mm, Suporta Ate 180 Kg.",A Contratação é necessária para repor o estoque e manter o funcionamento das atividades ministeriais.,Material Permanente,602171,"R$ 70,22",Material Permanente,True,2027,179,,,,,
"Abraçadeira De Nylon 4,8Mm X 450Mm, Pacote Com 100 Unidades",A Contratação é necessária para repor o estoque e manter o funcionamento das atividades ministeriais.,Material de Consumo,481145,"R$ 31,42",Material de Consumo,True,2027,180,,,,,
"Abracadeira Em Aco Para Amarracao De Eletrodutos, Tipo U Simples, Com 2 1/2""",A Contratação é necessária para repor o estoque e manter o funcionamento das atividades ministeriais.,Material de Consumo,382998,"R$ 3,74",Material de Consumo,True,2027,181,,,,,
"Broca Para Concreto, Tipo De Encaixe Sds Plus, De 8Mm De Diametro, 150Mm Comprimento Util, 210Mm Comprimento Total.",A Contratação é necessária para repor o estoque e manter o funcionamento das atividades ministeriais.,Material Permanente,358277,"R$ 7,58",Material Permanente,True,2027,182,,,,,
"Broca Para Concreto, Tipo Sds Plus (Encaixe Rapido), Corpo Em Aco Cromo Vanadio Com Pastilha De Metal Na Ponta (Widea), De 6 Mm De Diametro, Com Comprimento De 160Mm.",A Contratação é necessária para repor o estoque e manter o funcionamento das atividades ministeriais.,Material Permanente,313759,"R$ 6,87",Material Permanente,True,2027,183,,,,,
Broca Para Ferro 10 Mm.,A Contratação é necessária para repor o estoque e manter o funcionamento das atividades ministeriais.,Material Permanente,454303,"R$ 10,19",Material Permanente,True,2027,184,,,,,
Broca Para Ferro 6 Mm.,A Contratação é necessária para repor o estoque e manter o funcionamento das atividades ministeriais.,Material Permanente,378577,"R$ 7,61",Material Permanente,True,2027,185,,,,,
Broca Para Ferro 8 Mm.,A Contratação é necessária para repor o estoque e manter o funcionamento das atividades ministeriais.,Material Permanente,242969,"R$ 7,79",Material Permanente,True,2027,186,,,,,
"Bucha De Nylon com Aba S10, Com Parafuso De 6,10 X 65 Mm Em Aco Zincado Com Rosca Soberba, Cabeca Chata E Fenda Phillips",A Contratação é necessária para repor o estoque e manter o funcionamento das atividades ministeriais.,Material de Consumo,239119,"R$ 0,89",Material de Consumo,True,2027,187,,,,,
"Bucha De Nylon com Aba S6, Com Parafuso De 4,20 X 40 Mm Em Aco Zincado Com Rosca Soberba, Cabeca Chata E Fenda Phillips",A Contratação é necessária para repor o estoque e manter o funcionamento das atividades ministeriais.,Material de Consumo,249217,"R$ 1,14",Material de Consumo,True,2027,188,,,,,
"Bucha De Nylon com Aba S8, Com Parafuso De 4,80 X 50 Mm Em Aco Zincado Com Rosca Soberba, Cabeca Chata E Fenda Phillips",A Contratação é necessária para repor o estoque e manter o funcionamento das atividades ministeriais.,Material de Consumo,249218,"R$ 0,44",Material de Consumo,True,2027,189,,,,,
"Cadeado Simples, Corpo Em Latao Macico, Com Largura De 35 Mm E Altura De Aprox 30 Mm, Haste Cementada (Nao Longa), Em Aco Temperado Com Diametro De Aprox 6,0 Mm, Incluindo 2 Chaves.",A Contratação é necessária para repor o estoque e manter o funcionamento das atividades ministeriais.,Material Permanente,290095,"R$ 39,19",Material Permanente,True,2027,190,,,,,
"Desengripante Multiuso Em Spray De 300Ml Padrão Equivalente, Similar Ou De Melhor Qualidade Ao Produto Referência Wd-40-K31, Do Fabricante Wd-40.",A Contratação é necessária para repor o estoque e manter o funcionamento das atividades ministeriais.,Material de Consumo,602645,"R$ 23,45",Material de Consumo,True,2027,191,,,,,
"Disco Corte Material: Vídea , Diâmetro: 30 Cm, Diâmetro Furo: 25 Mm, Aplicação: Corte De Madeira , Características Adicionais: Dentes De Corte Em Vidia Fina , Quantidade Dentes: 48",A Contratação é necessária para repor o estoque e manter o funcionamento das atividades ministeriais.,Material Permanente,355367,"R$ 35,29",Material Permanente,True,2027,193,,,,,
"Disco Corte Material: Aço Diamantado, Diâmetro: 110Mm, Diâmetro Furo: 20Mm, Aplicação: Mármore/Cerâmica/Pedra/Granito, Características Adicionais: Corte A Seco.",A Contratação é necessária para repor o estoque e manter o funcionamento das atividades ministeriais.,Material Permanente,438793,"R$ 17,76",Material Permanente,True,2027,194,,,,,
Disco De Corte Para Metal 7 Polegadas 1/8 7/8,A Contratação é necessária para repor o estoque e manter o funcionamento das atividades ministeriais.,Material Permanente,454315,"R$ 10,79",Material Permanente,True,2027,195,,,,,
"Fita Adesiva, Material Vinil Tipo Monoface Largura 50 Mm Comprimento 30 M Cor Vermelha Aplicação Sinalização Solo.",A Contratação é necessária para repor o estoque e manter o funcionamento das atividades ministeriais.,Material de Consumo,368951,"R$ 16,66",Material de Consumo,True,2027,196,,,,,
"Fita Adesiva Material: Crepe , Tipo: Monoface , Largura: 50 Mm, Comprimento: 50 M, Cor: Amarela , Aplicação: Multiuso",A Contratação é necessária para repor o estoque e manter o funcionamento das atividades ministeriais.,Material de Consumo,461794,"R$ 10,97",Material de Consumo,True,2027,197,,,,,
"Fita Antiderrapante Material: Filme De Poliéster E Óxido De Alumínio , Largura: 50 Mm, Espessura: 5 Mm, Cor: Cinza , Aplicação: Superfícies Planas (Escadas, Rampas E Corredores) , Comprimento: 20 M, Características Adicionais: Adesivo De Borracha, À Prova D'água",A Contratação é necessária para repor o estoque e manter o funcionamento das atividades ministeriais.,Material de Consumo,335061,"R$ 111,48",Material de Consumo,True,2027,198,,,,,
"Fita Adesiva - Material: Acetato, Tipo: Dupla Face, Largura: 19 Mm, Comprimento: 30 M, Aplicação: Multiuso.",A Contratação é necessária para repor o estoque e manter o funcionamento das atividades ministeriais.,Material de Consumo,419261,"R$ 88,47",Material de Consumo,True,2027,199,,,,,
"Fita Sinalização Material: Plástico , Comprimento: 200 M, Largura: 7 Cm, Cor: Preta E Amarela , Aplicação: Demarcação E Isolamento.",A Contratação é necessária para repor o estoque e manter o funcionamento das atividades ministeriais.,Material de Consumo,353764,"R$ 9,60",Material de Consumo,True,2027,200,,,,,
"Grafite Em Po, Tipo Lubrificante Em Po, Grafite Mineral Micropulverizado, Cinza Escuro, Para Lubrificacao, Embalagem Com Bico Aplicador. Bisnaga com 25g.",A Contratação é necessária para repor o estoque e manter o funcionamento das atividades ministeriais.,Material de Consumo,243810,"R$ 5,81",Material de Consumo,True,2027,201,,,,,
"Lixa Em Folha Para Parede Ou Madeira, Numero 120 (Cor Vermelha)",A Contratação é necessária para repor o estoque e manter o funcionamento das atividades ministeriais.,Material de Consumo,606914,"R$ 1,63",Material de Consumo,True,2027,204,,,,,
"Lixa Material: Óxido Alumínio , Tipo: Lixa Ferro , Apresentação: Folha , Tipo Grão: 220 , Comprimento: 275 Mm, Largura: 225 Mm, Tipo Costado: Pano",A Contratação é necessária para repor o estoque e manter o funcionamento das atividades ministeriais.,Material de Consumo,407790,"R$ 2,42",Material de Consumo,True,2027,205,,,,,
"Prego Com Cabeca, Material: Aco, Tipo Cabeca: Chata, Tipo Corpo: Liso, Tipo Ponta: Comum, Acabamento Superficial: Galvanizado, Bitola: 17 X 27. Embalagem com 1 kg.",A Contratação é necessária para repor o estoque e manter o funcionamento das atividades ministeriais.,Material de Consumo,444582,"R$ 26,22",Material de Consumo,True,2027,206,,,,,
"Rebite Pop - Material: Alumínio, Tipo: Repuxo, Diâmetro Corpo: 4 Mm, Comprimento: 10 Mm. Caixa com 1000 unid.",A Contratação é necessária para repor o estoque e manter o funcionamento das atividades ministeriais.,Material de Consumo,432887,"R$ 102,76",Material de Consumo,True,2027,207,,,,,
"Kit De Instalação De Gás De Cozinha Para Botijão 13Kg Composto De 01 Mangueira De No Mínimo 1,25M, 02 Abraçadeiras, 01 Regulador De Pressão Com Registro Borboleta, Homologados E Aprovados Pelo Inmetro E Pela Abnt. Garantia: 05 (Cinco) Anos.",A Contratação é necessária para repor o estoque e manter o funcionamento das atividades ministeriais.,Material de Consumo,271054,"R$ 40,36",Material de Consumo,True,2027,208,,,,,
"Roldana Material: Aço , Diâmetro: 3 Pol, Uso: Portão Corrediço , Aplicação: Sobre Trilhos , Modelo: Canal V , Características Adicionais: Simples, Tipo Carretel.",A Contratação é necessária para repor o estoque e manter o funcionamento das atividades ministeriais.,Material Permanente,603232,"R$ 34,41",Material Permanente,True,2027,209,,,,,
"Dispenser De Sabonete Liquido / Alcool Em Gel – De Manuseio Pratico E Fácil De Ser Instalado. Abertura Inteligente E Segura Dispensa Chave, Resistência Alto Impacto – Os, Reservatório De 800 Ml. Processo De Produção Por Injeção Termoplástica, Cor: Branco Peso Aproximado: 0,300 G, Medidas L X A X P: 10,5 X 25,5 X 11 Cm.",A Contratação é necessária para repor o estoque e manter o funcionamento das atividades ministeriais.,Material Permanente,404651,"R$ 41,21",Material Permanente,True,2027,210,,,,,
"Dispenser Papel Toalha Material: Plástico , Tipo: Interfolha , Cor: Branca , Características Adicionais: Visor E Chave , Dimensões: 28,5 X 25,5 X 14 C",A Contratação é necessária para repor o estoque e manter o funcionamento das atividades ministeriais.,Material Permanente,600381,"R$ 39,25",Material Permanente,True,2027,211,,,,,
"Ducha Higiênica Completa Em Metal de 1/2 """,A Contratação é necessária para repor o estoque e manter o funcionamento das atividades ministeriais.,Material Permanente,304782,"R$ 94,22",Material Permanente,True,2027,212,,,,,
Adesivo Plástico para PVC. Bisnaga com 75g.,A Contratação é necessária para repor o estoque e manter o funcionamento das atividades ministeriais.,Material de Consumo,241330,"R$ 8,31",Material de Consumo,True,2027,213,,,,,
"Assento Sanitario, De Polipropileno, Almofadado, Com Tampa Em Polipropileno, Para Bacia Universal, De Formato Oval, Deverá Ser Fornecido Com 02 Parafusos Com Porcas Em Polipropileno. Cor Branca. Marcas de Referência: Astra, Herc ou Atlas.",A Contratação é necessária para repor o estoque e manter o funcionamento das atividades ministeriais.,Material de Consumo,396476,"R$ 69,98",Material de Consumo,True,2027,215,,,,,
"Bacia Sanitaria (Vaso) Com Caixa Acoplada, Sifao Aparente, De Louca Branca (Sem Assento).",A Contratação é necessária para repor o estoque e manter o funcionamento das atividades ministeriais.,Material Permanente,233165,"R$ 365,00",Material Permanente,True,2027,220,,,,,
"Kit Reparo Para Caixa Acoplada, Com Componentes Em Plastico; Acionador Em Abs E Borracha, Devendo O Kit Ser Composto De Mecanismo De Entrada Universal Master Flux; Mecanismo De Saida Dual Flush, Para Ser Utilizado Em Todos Os Modelos De Caixas Acopladas, Universal, Com Botao Acionador Superior, Frontal E Lateral; Rosca: Entrada 1/2 Polegada; Saida 2 Polegada(60Mm).",A Contratação é necessária para repor o estoque e manter o funcionamento das atividades ministeriais.,Material de Consumo,274835,"R$ 84,58",Material de Consumo,True,2027,221,,,,,
"Mangueira De Jardim 1/2 Com 30M, Com Três Camadas (Camada Interna Em Pvc, A Intermediária Em Poliéster Trançado E A Externa Em Pvc), Contendo Engate Rápido Rosqueado E Bico Tipo Esguicho Regulável. Suporta Pressão De Água De Até 10 Bar [142 Psi]",A Contratação é necessária para repor o estoque e manter o funcionamento das atividades ministeriais.,Material de Consumo,396975,"R$ 89,50",Material de Consumo,True,2027,236,,,,,
"Conjunto Obturador Caixa Descarga Componentes: Borracha, Flutuador, Guia, Haste, Reguladores E , Outros Componentes: Peneira Embutida, Botão De Acionamento Duplo, Conj , Aplicação: Caixa De Descarga Acoplada De 6 Litros, Padrao Universal.",A Contratação é necessária para repor o estoque e manter o funcionamento das atividades ministeriais.,Material de Consumo,613232,"R$ 30,14",Material de Consumo,True,2027,237,,,,,
"Reparo Válvula Hidráulica Material: Pvc - Cloreto De Polivinila , Componentes: Bóia Vedação / Botão Descarga / Haste Vedação , Aplicação: Caixa Acoplada Ao Vaso , Tipo: Descarga , Tipo Fixação: Roscável , Bitola: 1/2.",A Contratação é necessária para repor o estoque e manter o funcionamento das atividades ministeriais.,Material de Consumo,274835,"R$ 65,01",Material de Consumo,True,2027,238,,,,,
"Sifão - Material: Polipropileno, Tipo Corpo: Sanfonado / Flexível, Aplicação: Lavatório E Pia, Características Adicionais: Sistema De Vedação Por Anéis Plástico Ou Borracha, Bitola: 50 Mm, Padrão: Universal.",A Contratação é necessária para repor o estoque e manter o funcionamento das atividades ministeriais.,Material de Consumo,441316,"R$ 15,32",Material de Consumo,True,2027,239,,,,,
"Torneira Material Corpo: Metal , Tipo: Automática , Diâmetro: 1/2 Pol, Acabamento Superficial: Cromado , Caracteristicas Adicionais: Acionamento Hidromecânico Com Leve Pressão Manual , Aplicação: Lavatório E Pia.",A Contratação é necessária para repor o estoque e manter o funcionamento das atividades ministeriais.,Material Permanente,429870,"R$ 123,42",Material Permanente,True,2027,241,,,,,
"Torneira, Tipo: De Jardim, Bitola: 1/2, Material: Pvc, Cor: Preto.",A Contratação é necessária para repor o estoque e manter o funcionamento das atividades ministeriais.,Material Permanente,384646,"R$ 4,35",Material Permanente,True,2027,242,,,,,
"Torneira Metalica Cromada De Mesa Para Lavatorio, Bica Alta, Com Arejador (Ref 1195).",A Contratação é necessária para repor o estoque e manter o funcionamento das atividades ministeriais.,Material Permanente,233644,"R$ 130,50",Material Permanente,True,2027,243,,,,,
"Valvula Em Plastico Branco Para Tanque Ou Lavatorio 1 "", Sem Unho E Sem Ladrao. ",A Contratação é necessária para repor o estoque e manter o funcionamento das atividades ministeriais.,Material de Consumo,239498,"R$ 6,76",Material de Consumo,True,2027,244,,,,,
"Tubo Pvc Soldavel, Aplicacao: Rede Hidraulica, Cor: Marrom, Diametro Nominal: 40 Mm, Comprimento: 6 M, Material: Pvc Rigido, Caracteristicas Adicionais: Ponta E Bolsa Soldavel.",A Contratação é necessária para repor o estoque e manter o funcionamento das atividades ministeriais.,Material de Consumo,616666,"R$ 80,13",Material de Consumo,True,2027,245,,,,,
"Tubo Pvc Soldável - Cano De Agua 25Mm Em Material Pvc Modelo Soldável, Liso. Comprimento Do Tubo: 6 M; Bitola: 25 Mm.",A Contratação é necessária para repor o estoque e manter o funcionamento das atividades ministeriais.,Material de Consumo,240480,"R$ 22,53",Material de Consumo,True,2027,246,,,,,
"Bandeja Pintura Material: Plástico , Comprimento: 29 Cm, Largura: 37 Cm, Características Adicionais: Para Rolo De 23 Cm",A Contratação é necessária para repor o estoque e manter o funcionamento das atividades ministeriais.,Material de Consumo,226585,"R$ 15,29",Material de Consumo,True,2027,247,,,,,
"Zarcão Peso Específico: 1,30 A 1,35 G/Ml, Tempo Secagem: 24 H, Método Aplicação: Rolo/Pincel E Revólver , Tipo Secagem: Ar , Prazo Validade: 3 Anos, Cor: Cinza. Galão de 3,6 L.",A Contratação é necessária para repor o estoque e manter o funcionamento das atividades ministeriais.,Material de Consumo,223465,"R$ 130,86",Material de Consumo,True,2027,252,,,,,
"Impermeabilizante Composição Básica: Polímero Acrílico Líquido E Aditivos, Cimento, Are , Aplicação: Lajes /Caixa D'água /Piscinas /Marquises ,Etc. , Características Adicionais: Bicomponente, Impermeabilizante Flexível. Balde 18 L.",A Contratação é necessária para repor o estoque e manter o funcionamento das atividades ministeriais.,Material de Consumo,393923,"R$ 164,37",Material de Consumo,True,2027,253,,,,,
"Manta Asfáltica Composição: Poliéster , Apresentação: Bobina , Comprimento: 10 M, Largura: 1 M, Espessura: 4 Mm, Aplicação: Impermeabilização.",A Contratação é necessária para repor o estoque e manter o funcionamento das atividades ministeriais.,Material de Consumo,362637,"R$ 451,71",Material de Consumo,True,2027,254,,,,,
Fita Adesiva Asfáltica De 20 Cm Rolo Com 10 Metros Em Aluminio (Manta),A Contratação é necessária para repor o estoque e manter o funcionamento das atividades ministeriais.,Material de Consumo,273508,"R$ 83,60",Material de Consumo,True,2027,255,,,,,
"Primer - Componente Básico: Asfalto Modificado, Plastificantes, Solventes Orgâ, Finalidade: Aderência Entre Superfície De Concreto E A Manta, Aplicação: Manta Asfáltica. Galão de 18L.",A Contratação é necessária para repor o estoque e manter o funcionamento das atividades ministeriais.,Material de Consumo,394533,"R$ 261,12",Material de Consumo,True,2027,256,,,,,
"Pincel Pintura Predial - Material Cerdas: Sintético, Tipo Cabo: Curto, Tamanho: 3/4, Material Cabo: Polipropileno.",A Contratação é necessária para repor o estoque e manter o funcionamento das atividades ministeriais.,Material de Consumo,421396,"R$ 7,20",Material de Consumo,True,2027,257,,,,,
"Rolo De La De Carneiro 23 Cm (Sem Cabo) Para Tintas Latex E Acrilico, Altura Da La 25Mm.",A Contratação é necessária para repor o estoque e manter o funcionamento das atividades ministeriais.,Material de Consumo,322332,"R$ 29,24",Material de Consumo,True,2027,258,,,,,
"Rolo Pintura Predial Material: Lã De Carneiro , Altura: 2,20 Cm, Material Tubo: Acrílico , Comprimento: 23 Cm, Material Cabo: Plástico Resistente , Características Adicionais: Suporte Ferro Galvanizado.",A Contratação é necessária para repor o estoque e manter o funcionamento das atividades ministeriais.,Material de Consumo,319660,"R$ 37,49",Material de Consumo,True,2027,259,,,,,
"Rolo Pintura Predial Material: Espuma, Comprimento: 9Cm, Características Adicionais: Com Cabo",A Contratação é necessária para repor o estoque e manter o funcionamento das atividades ministeriais.,Material de Consumo,397728,"R$ 5,38",Material de Consumo,True,2027,260,,,,,
"Selador Tinta Predial Aspecto Físico: Líquido , Tipo: Acrílico. Lata 18L.",A Contratação é necessária para repor o estoque e manter o funcionamento das atividades ministeriais.,Material de Consumo,393223,"R$ 228,72",Material de Consumo,True,2027,261,,,,,
Selante Tipo Veda Calha Para Metal E Fibrocimento.,A Contratação é necessária para repor o estoque e manter o funcionamento das atividades ministeriais.,Material de Consumo,345273,"R$ 34,77",Material de Consumo,True,2027,262,,,,,
Solvente Diluente A Base De Aguarras - Diluente Aguarras,A Contratação é necessária para repor o estoque e manter o funcionamento das atividades ministeriais.,Material de Consumo,259735,"R$ 16,99",Material de Consumo,True,,material,MAT-0244,Manutenção Predial - Elétrica,True,2027,263
"Tinta Acrilica Para Piso,Acabamento Fosco, Para Piso Interno E Externo, Rendimento Minimo De 100,00 Mâ², Por Demao,Por Lata De 18L,Obrigatoriamente O Fechamento Com Duas Demaos, 1Âºlinha (Premium). Cores A Definir, Validade De 36 Meses (Com A Embalagem Fechada E Sem Uso), Conforme Normas Nbr/Abnt Vigentes. Lata 18L. Marcas de Referência: Suvinil, Verbras, Sherwin Williams ou Coral",A Contratação é necessária para repor o estoque e manter o funcionamento das atividades ministeriais.,Material de Consumo,239585,"R$ 307,15",Material de Consumo,True,2027,265,,,,,
"Tinta À Base De Resina Acrílica, Emulsionada Em Solvente A Base De Toluol, Para Demarcação De Sinalização Viária,O Material Deve Atender A Norma Abnt/Nbr 11862, Na Cor: Amarelo. Lata De 18 Litros. Marcas de Referência: Suvinil, Verbras, Sherwin Williams ou Coral",A Contratação é necessária para repor o estoque e manter o funcionamento das atividades ministeriais.,Material de Consumo,262733,"R$ 571,67",Material de Consumo,True,2027,266,,,,,
"Tinta Esmalte Para Construcao Civil, Tipo Esmalte Sintetico Premium, Para Proteger Superficies De Ambientes Internos E Externos De Madeiras, Metais Novos E Repintura, A Base De Resina Alquidica Modificada A Base De Oleo Vegetal Semissecativo, Pigmentos Organicos E Inorganicos, Cargas Minerais Inertes, Hidrocarbonetos Alifaticos E Secantes Organometalicos, Voc 430-573 G/L, Na Cor Branca (Comercialmente Branco Neve), Brilhante, Nao Amarelavel, Secagem Ao Toque De 20 Min., Entre Demaos De 2 Horas E Final De 4 Horas. Galão de 3,6L. Marcas de Referência: Suvinil, Verbras, Sherwin Williams ou Coral",A Contratação é necessária para repor o estoque e manter o funcionamento das atividades ministeriais.,Material de Consumo,356630,"R$ 143,38",Material de Consumo,True,2027,267,,,,,
"Tinta Latex, Desempenho Premium, Tipo Latex Acrilica, A Base De Agua, Resina A Base De Dispersao Aquosade Copolimero Estireno-Acrilico E Aditivos, Cargas Minerais Inertes, Glicois, Espessantes, Tensoativos, Fungicida E Bactericida, Solvente Base Agua, Diluivel Em Agua Potavel, Brilho A 85 Graus: Igual/Maior 7Ub; Solidos/Massa:35-55%; Densidade: 1,18 - 1,43G/Cm3; Ph: 8 - 11,5, Voc (Compostos Organicos Volateis) Maximo De 18 G/L, Isenta De Metais Pesados, Acabamento Fosco, Na Cor Branco, Notacao Munsell Nº 9, Para Ambientes Externos E Internos, Superficies De Alvenaria, Reboco, Concreto, Fibrocimento, Massa Corrida E Acrilica, Drywall Ou Gesso; Rendimento: Ate 130M² Por Lata 18L E 26M2 Por Lata 3,6, Validade Minima De 36 Meses, Secagem Ao Toque: 2 Horas, Entre Demaos: 4 Horas Efinal: 12 Horas, Conforme Normas Abnt Nbr Vigentes. Lata de 18L. Marcas de Referência: Suvinil, Verbras, Sherwin Williams ou Coral",A Contratação é necessária para repor o estoque e manter o funcionamento das atividades ministeriais.,Material de Consumo,283382,"R$ 229,39",Material de Consumo,True,2027,268,,,,,
"Tinta Acrílica Componentes: Água, Resina Acrílica E Pigmentos , Aspecto Físico: Líquido Viscoso , Cor: Branca , Tipo Acabamento: Fosco , Características Adicionais: Rendimento 500 M2/Lata 18 Lt Proteção Antifungo. Embalagem 18 Litros. Marcas de Referência: Suvinil, Verbras, Sherwin Williams ou Coral.",A Contratação é necessária para repor o estoque e manter o funcionamento das atividades ministeriais.,Material de Consumo,450439,"R$ 233,74",Material de Consumo,True,2027,269,,,,,
"Tinta Acrílica Semibrilho Premium, Cor Branco Gelo, Balde 18 Litros. Marcas de Referência: Suvinil, Verbras, Sherwin Williams ou Coral",A Contratação é necessária para repor o estoque e manter o funcionamento das atividades ministeriais.,Material de Consumo,297492,"R$ 422,89",Material de Consumo,True,2027,270,,,,,
"Verniz, Tipo Impregnante Stain Protetivo, Hidrorrepelente, Para Utilização Em Superfícies Externas E Internas De Madeira (Porta, Esquadria, Decks, Fachadas, Móveis), Composição Resina Alquídica, Óleos Vegetais, Hidrocarbonetos Alifáticos, Pigmentos Inorgânicos, Secantes Organometálicos, Densidade 0,89 G/Cm³, Rendimento De 60 A 80 M²/Galão/Demão, Diluente Aguarrás, Coloração Natural, Incolor, Transparente, Acabamento Acetinado, Validade De 24 Meses Após Recebimento, Conforme Norma De Classificação Abnt Nbr 11702 Tipo 4.4.1.2. Galão de 3,6L.",A Contratação é necessária para repor o estoque e manter o funcionamento das atividades ministeriais.,Material de Consumo,617166,"R$ 119,78",Material de Consumo,True,2027,271,,,,,
"Cafeteira Elétrica Material: Aço Inoxidável Capacidade: 1,2 L Voltagem: 220 V Características Adicionais: Termostato/Resistência Blindada/Visor/Sapatas Anti Potência: 800 W",A aquisição justifica-se pela necessidade de manter as unidades do MPPI equipadas com aparelho para preparação de café para ser servidor internamente para membros e servidores deste Órgão.,Material Permanente,1069,"R$ 256,22",Material Permanente,True,2027,272,,,,,
"Frigobar, capacidade:120 l, tensão alimentação:110/220 v, cor: branca, características adicionais: prateleiras removíveis",A aquisição justifica-se pela necessidade de manter equipamento nas salss do MPPI para refrigerar água e alimentos que são consumidos pelos membros e servidores.,Material Permanente,784,"R$ 1.215,23",Material Permanente,True,2027,273,,,,,
"Refrigerador doméstico, capacidade:240 a 260 l, voltagem:220 v, características adicionais: prateleiras removíveis com travas de segurança, cor: branca",A aquisição justifica-se pela necessidade de manter equipamento nas salas do MPPI para refrigerar água e alimentos que são consumidos pelos membros e servidores.,Material Permanente,13629,"R$ 2.244,00",Material Permanente,True,2027,274,,,,,
"Forno micro-ondas, capacidade:30 l, voltagem:220 v, características adicionais: com prato giratório, cor: branca","A aquisição justifica-se pela necessidade de equipar as novas sedes com esse material, que é necessário para o aquecimento de alimentos, tendo em vista a maioria dos membros e servidores passam mais de 6h consecutivas nos ambientes de trabalho.",Material Permanente,1045,"R$ 807,00",Material Permanente,True,2027,275,,,,,
"Fogão Gás. Tipo Fogão: Convencional. Quantidade Bocas: 4 UN. Normas Técnicas: Selo Inmetro Gategoria ""A"". Características Adicionais: Acendimento Automático / Forno Autolimpante / Tam-Voltagem: 110/220 V. Cor: Branca","A aquisição justifica-se pela necessidade de equipar as novas sedes com esse material, que é necessário para o cozimento de alimentos, preparação de bebidas quentes, tendo em vista a maioria dos membros e servidores passam mais de 6h consecutivas nos ambientes de trabalho.",Material Permanente,1041,"R$ 1.800,00",Material Permanente,True,2027,276,,,,,
"Televisor, Tamanho Tela: 43 POL Voltagem: 110/220 V Características Adicionais: Ful Hd, Smart Tv, Dvt, Widescreen, 2 Entradas Rf Tipo Tela: Led Acessórios: Controle Remoto","A aquisição de equipamentos de TV é necessária para equipar novas sedes e para estruturar setores específicos do Órgão, visando a sua utilização como tela para apresentação e monitoramento de dados e inofrmações pelas equipes técnicas.",Material Permanente,907,"R$ 1.644,41",Material Permanente,True,2027,277,,,,,
"Suporte De Videocassete / Televisao Material: Aço Tipo: Parede Tamanho: Para Tv De 32"" Até 75"" Acabamento Superficial: Natural","A aquisição de equipamentos de TV é necessária para equipar novas sedes e para estruturar setores específicos do Órgão, visando a sua utilização como tela para apresentação e monitoramento de dados e inofrmações pelas equipes técnicas.",Material Permanente,15828,"R$ 40,35",Material Permanente,True,2027,278,,,,,
Armário Material: Mdp 25mm Tipo: Baixo Quantidade Portas: 2 UN Tipo Portas: Mdp 18mm Cor: Cerezo Leon Altura: 800 MM Largura: 600 MM Profundidade: 740 MM Características Adicionais: Sapatas Niveladoras Quantidade Prateleiras: 1 Aplicação: Guardar Documentos,"A aquisição justifica-se pela necessidade equipar as novas sedes, bem como manter um estoque mínimo com os materiais. Os equipamentos são essenciais no desenvolvimento das atividades laborais de membros e servidores cotidianamente.",Material Permanente,15290,"R$ 903,31",Material Permanente,True,2027,279,,,,,
"Gaveteiro Móvel Material: Mdp 25mm Quantidade Gavetas: 3 UN Altura: 600 MM Largura: 410 MM Profundidade: 530 MM Tipo Pés: Com Rodízio Características Adicionais: 4 Rodízios Duplo Giro, Fechadura Frontal Com Trava","A aquisição justifica-se pela necessidade equipar as novas sedes, bem como manter um estoque mínimo com os materiais. Os equipamentos são essenciais no desenvolvimento das atividades laborais de membros e servidores cotidianamente.",Material Permanente,336,"R$ 834,17",Material Permanente,True,2027,280,,,,,
"Gaveteiro Móvel Material: Mdp 25mm Quantidade Gavetas: 3 UN Altura: 600 MM Largura: 410 MM Profundidade: 530 MM Tipo Pés: Com Rodízio Características Adicionais: 4 Rodízios Duplo Giro, Fechadura Frontal Com Trava","A aquisição justifica-se pela necessidade equipar as novas sedes, bem como manter um estoque mínimo com os materiais. Os equipamentos são essenciais no desenvolvimento das atividades laborais de membros e servidores cotidianamente.",Material Permanente,336,"R$ 850,00",Material Permanente,True,2027,281,,,,,
"Mesa Escritório Material Estrutura: Tubo Aço Material Tampo: Madeira Revestimento Tampo: Laminado Melamínico Baixa Pressão Cor Tampo: Madeirado Largura: 1400 MM Profundidade: 600 MM Altura: 740 MM Padrão Acabamento Tampo: Madeirado Cor Estrutura: Grafite Acabamento Estrutura: Pintura Eletrostática A Pó Espessura Tampo: 25 MM Características Adicionais: Mesa Em ""L""","A aquisição justifica-se pela necessidade equipar as novas sedes, bem como manter um estoque mínimo com os materiais. Os equipamentos são essenciais no desenvolvimento das atividades laborais de membros e servidores cotidianamente.",Material Permanente,321,"R$ 1.395,65",Material Permanente,True,2027,282,,,,,
Mesa Material Estrutura: Parafusos Material Tampo: Mdp Material Borda: Filme Melamínico Largura: 1200 MM Altura: 740 MM Espessura Tampo: 25 MM Formato: Retangular Características Adicionais: Conforme Modelo Revestimento: Melamínico Formato Tampo: Retangular,"A aquisição justifica-se pela necessidade equipar as novas sedes, bem como manter um estoque mínimo com os materiais. Os equipamentos são essenciais no desenvolvimento das atividades laborais de membros e servidores cotidianamente.",Material Permanente,14334,"R$ 874,32",Material Permanente,True,2027,283,,,,,
Mesa Material Estrutura: Parafusos Material Tampo: Mdp Material Borda: Filme Melamínico Largura: 1200 MM Altura: 740 MM Espessura Tampo: 25 MM Formato: Retangular Características Adicionais: Conforme Modelo Revestimento: Melamínico Formato Tampo: Retangular,"A aquisição justifica-se pela necessidade equipar as novas sedes, bem como manter um estoque mínimo com os materiais. Os equipamentos são essenciais no desenvolvimento das atividades laborais de membros e servidores cotidianamente.",Material de Consumo,14334,"R$ 900,00",Material de Consumo,True,2027,284,,,,,
Mesa Escritório Material Estrutura: Madeira Material Tampo: Madeira Revestimento Tampo: Laminado Melamínico Cor Tampo: Madeirado Largura: 1000 MM Profundidade: 600 MM Altura: 740 MM Padrão Acabamento Tampo: Madeirado Cor Estrutura: Grafite Acabamento Estrutura: Pintura Eletrostática A Pó Espessura Tampo: 25 MM Características Adicionais: Bordas Em Pvc,"A aquisição justifica-se pela necessidade equipar as novas sedes, bem como manter um estoque mínimo com os materiais. Os equipamentos são essenciais no desenvolvimento das atividades laborais de membros e servidores cotidianamente.",Material Permanente,321,"R$ 850,00",Material Permanente,True,2027,285,,,,,
Mesa Reunião Redonda Material: Madeira Tipo Madeira: Compensado Acabamento Superficial: Laminado Melamínico Tipo Revestimento: Laminado Melamínico Baixa Pressão Diâmetro: 1.200 MM Altura: 740 MM Quantidade Pés: 4 UN Espessura Tampo: 25 MM Cor Tampo: Madeirado Características Adicionais: Borda Pvc Material Estrutura: Tubo De Aço Revestimento Superior Do Tampo: Laminado Melamínico Revestimento Inferior Do Tampo: Laminado Melamínico Cor Estrutura: Grafite Acabamento Bordas: Arredondadas / Pvc Tipo Estrutura: Tubular,"A aquisição justifica-se pela necessidade equipar as novas sedes, bem como manter um estoque mínimo com os materiais. Os equipamentos são essenciais no desenvolvimento das atividades laborais de membros e servidores cotidianamente.",Material Permanente,342,"R$ 1.000,00",Material Permanente,True,2027,286,,,,,
"Mesa Reunião Retangular Material: Madeira Aglomerada Mdp Comprimento: 2,00 M Largura: 1.100 MM Altura: 740 MM Cor: Argila Revestimento: Laminado Melamínico Tipo Estrutura: Aço Galvanizado Material Borda Lateral: Pvc Espessura Tampo: 25 MM","A aquisição justifica-se pela necessidade equipar as novas sedes, bem como manter um estoque mínimo com os materiais. Os equipamentos são essenciais no desenvolvimento das atividades laborais de membros e servidores cotidianamente.",Material Permanente,9660,"R$ 1.698,20",Material Permanente,True,2027,287,,,,,
"Mesa Reunião Retangular Material: Madeira Aglomerada Mdp Comprimento: 2,70 M Largura: 1.200 MM Altura: 740 MM Cor: Carvalho Malva Revestimento: Laminado Melamínico Tipo Bordas: Arredondadas Tipo Estrutura: Aço Material Borda Lateral: Pvc Características Adicionais: Calha Metálica Para Fiação. Sapatas Niveladoras Espessura Tampo: 25 MM Cor Estrutura: Preta Acabamento Estrutura: Pintado","A aquisição justifica-se pela necessidade equipar as novas sedes, bem como manter um estoque mínimo com os materiais. Os equipamentos são essenciais no desenvolvimento das atividades laborais de membros e servidores cotidianamente.",Material Permanente,9660,"R$ 2.031,09",Material Permanente,True,2027,288,,,,,
"Gaveteiro Fixo Material: Madeira Tipo Madeira: Aglomerado / Mdp Tipo Revestimento: Laminado Melamínico Quantidade Gavetas: 2 UN Altura: 26 CM Largura: 40 CM Profundidade: 43 CM Cor: Carvalho Malva Material Gaveta: Frente Madeira, Lados E Fundo Em Aço Características Adicionais: Fechadura Metálica Frontal E Trancas Simultâneas Acabamento Bordas: Arredondadas Tipo Puxadores: Meia Lua Material Puxador: Metal","A aquisição justifica-se pela necessidade equipar as novas sedes, bem como manter um estoque mínimo com os materiais. Os equipamentos são essenciais no desenvolvimento das atividades laborais de membros e servidores cotidianamente.",Material Permanente,16454,"R$ 360,00",Material Permanente,True,2027,289,,,,,
"Cadeira giratória espaldar alto telado, regulagem de apoio lombar, com apoio de cabeça. Base piramidal em alumínio polido com
rodízios duplos de nylon, com bandas de rodagem em PU, apropriados para piso frio. Mecanismo sincronizado de assento e encosto
auto ajustável com 3 pontos de bloqueio e regulagem de profundidade de assento. Braços 4D com apoios em PU.","A aquisição justifica-se pela necessidade equipar as novas sedes, bem como manter um estoque mínimo com os materiais. Os equipamentos são essenciais no desenvolvimento das atividades laborais de membros e servidores cotidianamente.",Material Permanente,313,"R$ 2.911,00",Material Permanente,True,2027,290,,,,,
"Cadeira giratória espaldar alto, tipo fraque telado, com apoio de cabeça. Giratória a gás. Base piramidal em nylon preto com
rodízios duplos de nylon. Mecanismo Sincro Auto Ajuste com 3 pontos de bloqueio, sistema anti pânico. Regulagem de profundidade do
assento. Bracos reguláveis.","A aquisição justifica-se pela necessidade equipar as novas sedes, bem como manter um estoque mínimo com os materiais. Os equipamentos são essenciais no desenvolvimento das atividades laborais de membros e servidores cotidianamente.",Material Permanente,313,"R$ 1.991,00",Material Permanente,True,2027,291,,,,,
"Cadeira giratória espaldar alto, tipo fraque telado, com apoio de cabeça. Giratória a gás. Base piramidal em nylon preto com
rodízios duplos de nylon. Mecanismo Sincro Auto Ajuste com 3 pontos de bloqueio, sistema anti pânico. Regulagem de profundidade do
assento. Bracos reguláveis.","A aquisição justifica-se pela necessidade equipar as novas sedes, bem como manter um estoque mínimo com os materiais. Os equipamentos são essenciais no desenvolvimento das atividades laborais de membros e servidores cotidianamente.",Material Permanente,313,"R$ 2.300,00",Material Permanente,True,2027,292,,,,,
"Cadeira giratória espaldar alto, tipo fraque telado. Giratória a gás. Base piramidal em nylon preto com
rodízios duplos de nylon. Mecanismo Sincro Auto Ajuste com 3 pontos de bloqueio, sistema anti pânico. Regulagem de profundidade do
assento. Bracos reguláveis.","A aquisição justifica-se pela necessidade equipar as novas sedes, bem como manter um estoque mínimo com os materiais. Os equipamentos são essenciais no desenvolvimento das atividades laborais de membros e servidores cotidianamente.",Material Permanente,313,"R$ 1.822,00",Material Permanente,True,2027,293,,,,,
"Cadeira giratória espaldar alto, tipo fraque telado. Giratória a gás. Base piramidal em nylon preto com
rodízios duplos de nylon. Mecanismo Sincro Auto Ajuste com 3 pontos de bloqueio, sistema anti pânico. Regulagem de profundidade do
assento. Bracos reguláveis.","A aquisição justifica-se pela necessidade equipar as novas sedes, bem como manter um estoque mínimo com os materiais. Os equipamentos são essenciais no desenvolvimento das atividades laborais de membros e servidores cotidianamente.",Material Permanente,313,"R$ 2.000,00",Material Permanente,True,2027,294,,,,,
"Cadeira giratória em tela, espaldar médio telado na cor preta, giratória a gás, base em aço com capa e rodízios duplos de nylon, com
bandas de rodagem em P.U. apropriados para piso frio. Mecanismo Digitador com regulagem de inclinação e altura de encosto,
Contato permanente. Com braço regulável tipo 'T', com regulagem de altura acionado por botão; apoio de braço em Polipropileno.","A aquisição justifica-se pela necessidade equipar as novas sedes, bem como manter um estoque mínimo com os materiais. Os equipamentos são essenciais no desenvolvimento das atividades laborais de membros e servidores cotidianamente.",Material Permanente,313,"R$ 1.400,00",Material Permanente,True,2027,295,,,,,
"Cadeira interlocução, espaldar baixo em PP, empilhável. Base fixa contínua pintada em epóxi pó preto. Bracos fixos
integrados a estrutura da base em PP. Assento estofado.","A aquisição justifica-se pela necessidade equipar as novas sedes, bem como manter um estoque mínimo com os materiais. Os equipamentos são essenciais no desenvolvimento das atividades laborais de membros e servidores cotidianamente.",Material Permanente,13678,"R$ 1.050,00",Material Permanente,True,2027,296,,,,,
"Cadeira sobre longarina - Material Assento E Encosto: Polipropileno, Quantidade Assentos: 2 UN, Acabamento Superficial Longarina: Pintura Em Epóxi-Pó, Comprimento Longarina: 100 CM, Largura Longarina: 100 CM, Cor: Preta, Características Adicionais: Sem Braço, Material Estrutura: Tubo Aço,","A aquisição justifica-se pela necessidade equipar as novas sedes, bem como manter um estoque mínimo com os materiais. Os equipamentos são essenciais no desenvolvimento das atividades laborais de membros e servidores cotidianamente.",Material Permanente,16315,"R$ 2.500,00",Material Permanente,True,2027,297,,,,,
"Cadeira sobre longarina - Cadeira Sobre Longarina Material Assento E Encosto: Compensado/Espuma Injetada , Material Revestimento Assento E Encosto: Couro Sintético , Cor: Marrom Castor , Quantidade Assentos: 3 UN, Características Adicionais: Com Braços Fixos , Material Estofamento: Espuma De Poliuretano Injetado , Material Estrutura: Aço , Acabamento Superficial Longarina: Tratamento Antiferruginoso , Cor Longarina: Preta","A aquisição justifica-se pela necessidade equipar as novas sedes, bem como manter um estoque mínimo com os materiais. Os equipamentos são essenciais no desenvolvimento das atividades laborais de membros e servidores cotidianamente.",Material Permanente,16315,"R$ 3.500,00",Material Permanente,True,2027,298,,,,,
Cadeira Empilhável. Material Estrutura: Aço Inox. Cor: Preta. Material Assento/Encosto: Polipropileno. Características Adicionais: Sem Braço. Acabamento Superficial: Cromado. Altura: 84 CM Largura: 53 CM Profundidade: 48 CM,"A aquisição justifica-se pela necessidade equipar as novas sedes, bem como manter um estoque mínimo com os materiais. Os equipamentos são essenciais no desenvolvimento das atividades laborais de membros e servidores cotidianamente.",Material Permanente,331,"R$ 700,00",Material Permanente,True,2027,299,,,,,
Aquisição de cavaletes para exposição de quadros de Obra de Arte,Exposição de obras de artes no eventos do MPPI,Material Permanente,269097,"R$ 200,00",Material Permanente,True,2027,300,,,,,
"Totem identificação, material: aço escovado, aplicação: identificação externa do órgão, características adicionais: sapatas de ferro fixação, logomarca iluminada neon",Fachada das sedes,Material Permanente,404836,"R$ 10.000,00",Material Permanente,True,2027,301,,,,,
"Letra metálica, material:aço escovado, dimensões:10 x 5 cm, características adicionais:com fixação pinos rosqueados e galvanizados, aplicação:parede, tipo letra:caixa alta",Fachada das sedes,Material Permanente,16519,"R$ 85,00",Material Permanente,True,2027,302,,,,,
"Letra metálica, material:aço inox, dimensões:15 x 10 x 3 cm, características adicionais:escovado",Fachada das sedes,Material Permanente,16519,"R$ 122,00",Material Permanente,True,2027,303,,,,,
"Letra metálica, material:aço inox, dimensões:20 x 15 x 3 cm, características adicionais:escovado",Fachada das sedes,Material Permanente,16519,"R$ 144,00",Material Permanente,True,2027,304,,,,,
"Letra metálica, material:chapa aço escovado nº 22, dimensões:30,0 x 3,0, aplicação:parede, tipo letra:caixa alta",Fachada das sedes,Material Permanente,16519,"R$ 240,00",Material Permanente,True,2027,305,,,,,
"letra metálica, material:chapa aço escovado nº 22, dimensões:40,0 x 3,0, aplicação:parede, tipo letra:caixa alta",Fachada das sedes,Material Permanente,16519,"R$ 480,00",Material Permanente,True,2027,306,,,,,
"Letra metálica, material:aço inox, dimensões:50 x 30 x 3 cm, características adicionais:escovado",Fachada das sedes,Material Permanente,16519,"R$ 1.000,00",Material Permanente,True,2027,307,,,,,
"Letra metálica, material:aço inox, dimensões:70 x 50 x 3 cm, características adicionais:escovado",Fachada das sedes,Material Permanente,16519,"R$ 1.500,00",Material Permanente,True,2027,308,,,,,
"Prestação de Serviço de Dedetização, Desratização e Descupinização das Sedes do MPPI ","Necessidade de manter as unidades administrativos do MPPI saneada de praga, ratos, insetos e outros que possam causar danos à saúde de membros, servidores, estagiárias e clientes qe adentrem nossa instalações físicas",Serviço,3417,"R$ 2,25",Serviço,True,2027,309,,,,,
Locação de Imóvel para a PJ de Barro Duro - PI,Atender ás demandas de locação do MPPI,Serviço,22721,"R$ 11.000,00",Serviço,True,2027,310,,,,,
Sistemas de proteção contra incêndios,"Cumprir exigência legal a regularização de imóveis de acesso ao público do MPPI em relação a medidas de Combate a Incêndio, e viabilização de segurança.",Serviço,2011,"R$ 300.000,00",Serviço,True,2027,311,,,,,
Serviço Securitários para as Sedes da Procuradoria Geral de Justiça com cobertura de incêndio e danos causados por fenômeno  natural,A renovação é necessária para manutenção de cobertura secutirtária em caso de possível sinistro,Serviço,30126,"R$ 13.285,00",Serviço,True,2027,312,,,,,
Etiquetadora,Realizar a identificação de hardwares e estruturas de rede,Material Permanente,21172,"R$ 285,15",Material Permanente,True,2027,313,,,,,
BATERIA SELADA 12V 45A Estacionária,Reposição das baterias de nobreak,Material Permanente,330047,"R$ 517,87",Material Permanente,True,2027,314,,,,,
"SSD NVME
480GB ",Ampliação de espaço de armazenamento e atualização de computadores,Material Permanente,453979,"R$ 322,58",Material Permanente,True,2027,315,,,,,
"BATERIA
SELADA
12V 7A",Reposição das baterias de nobreak,Material Permanente,330047,"R$ 78,16",Material Permanente,True,2027,316,,,,,
HD Externo de 2TB,Armazenamento de arquivos das unidades em dispositivos offline,Material Permanente,486471,"R$ 577,83",Material Permanente,True,2027,317,,,,,
Headset (Fones de ouvidos com microfone),Acessórios para permitir comunicação em reuniões e eventos online,Material Permanente,420854,"R$ 193,80",Material Permanente,True,2027,318,,,,,
Aruba Central APs,Gerenciamento de equipamentos de Rede Aruba Central,Software,27502,"R$ 456,00",Software,True,2027,319,,,,,
"Memória
RAM DDR4
8GB",Ampliação de memória computacional e atualização de computadores,Material Permanente,486657,"R$ 204,88",Material Permanente,True,2027,320,,,,,
"Nobreak de
1500VA ","Para substituir/alocar em
estações de
trabalho",Material Permanente,41629,"R$ 491,13",Material Permanente,True,2027,321,,,,,
Ampliação dos roteadores WI-FI Aruba,Ampliação da cobertura WI-FI no ambito do MPPI nas unidades,Software,26972,"R$ 847,00",Software,True,2027,322,,,,,
"SSD SATA
480GB",Ampliação de espaço de armazenamento e atualização de computadores,Material Permanente,449232,"R$ 297,91",Material Permanente,True,2027,323,,,,,
Licença Anual Permanente JetBrains All Products Pack para Equipe de Desenvolvimento e NEDIA,Necessidade de Aquisição de Software para Atender as demandas deste Parquet,Software,27502,"R$ 5.500,00",Software,True,2027,324,,,,,
Notebooks,"Para substituir/alocar em
estações de
trabalho",Material Permanente,613702,"R$ 6.331,14",Material Permanente,True,2027,325,,,,,
"Monitores 24"" (Segunda Tela)",Necessidade de Aquisição de Monitores para Atender as demandas deste Parquet,Material Permanente,451815,"R$ 1.400,00",Material Permanente,True,2027,326,,,,,
Aruba Central Switches,Gerenciamento de equipamentos de Rede Aruba Central,Software,27502,"R$ 4.260,56",Software,True,2027,327,,,,,
Desktops,Para substiruir/alocar em estações de trabalho,Material Permanente,481514,"R$ 6.194,22",Material Permanente,True,2027,328,,,,,
"Confecção de placas em inox, gravadas por corrosão química, para uso em inaugurações de sedes",Demanda da PGJ por produção de placas de inauguração de cunho celebrativo e histórico ,Material de Consumo,5452,"R$ 55.000,00",Material de Consumo,True,2027,329,,,,,
Locação de Imóvel para a PJ de Batalha - PI,Atender ás demandas de locação do MPPI,Serviço,22721,"R$ 27.588,00",Serviço,True,2027,330,,,,,
Locação de Imóvel para a Casa da Cidadania,Atender ás demandas de locação do MPPI,Serviço,22721,"R$ 333.594,76",Serviço,True,2027,331,,,,,
Contratação de empresa para fornecimento de energia elétrica,Fornecimento de energia elétrica para as unidades do MPPI em todo o Estado.,Serviço,4120,"R$ 1.680.000,00",Serviço,True,2027,332,,,,,
Locação de Imóvel  para a PJ de Monsenhor Gil - PI,Atender ás demandas de locação do MPPI,Serviço,22721,"R$ 25.200,00",Serviço,True,2027,333,,,,,
Locação de Imóvel para a PJ de Picos - PI,Atender ás demandas de locação do MPPI,Serviço,22721,"R$ 289.116,00",Serviço,True,2027,334,,,,,
Locação de imóvel para a PJ de Buriti dos Lopes,Necessidade de locação de prédio para abrigar toda a estrutura do MPPI na cidade de Buriti dos Lopes,Serviço,22721,"R$ 28.238,00",Serviço,True,2027,335,,,,,
CONTROLE UNIVERSAL PARA MOTOR DE PORTÃO,"A aquisição justifica-se pela necessidade de manter os prédios do MPPI sob controle de vigilância eletrônica permanente, visando manter a integrdade patrimonial e a incolumidade de membros, servidores e colaboradores.",Material de Consumo,436552,"R$ 30,00",Material de Consumo,True,2027,336,,,,,
"Recarga de Gás Liquefeito de Petróleo (GLP), somente a recarga (sem vasilhame), composição básica Propano e Butano. Acondicionada em botijas de 13 (treze) kg, conforme Portaria 47 de 24/03/99 ANP, NPR 14024 da ABNT.",A Contratação é necessária para repor o estoque e manter o funcionamento das atividades ministeriais.,Material de Consumo,461652,"R$ 150,00",Material de Consumo,True,2027,337,,,,,
"Bebedouro Água Garrafão Material: Aço Galvanizado Tipo: Elétrico De Coluna Acabamento Externo: Pintura Epoxi Pó Capacidade: 20 L Voltagem: 220 V Cor: Branca Características Adicionais: Gás R 134 A, 2 Torneiras. Painel Frontal Em Plásti",A aquisição justifica-se pela necessidade de reposição do estoque e pela necessidade de manter as sedes com aparelho de resfriamento de água para atender a todo o MPPI.,Material Permanente,3492,"R$ 695,73",Material Permanente,True,2027,338,,,,,
"Bebedouro Água Garrafão Material: Aço Galvanizado Tipo: Elétrico De Coluna Acabamento Externo: Pintura Epoxi Pó Capacidade: 20 L Voltagem: 220 V Cor: Branca Características Adicionais: Gás R 134 A, 2 Torneiras. Painel Frontal Em Plásti",A aquisição justifica-se pela necessidade de reposição do estoque e pela necessidade de manter as sedes com aparelho de resfriamento de água para atender a todo o MPPI.,Material Permanente,3492,"R$ 720,00",Material Permanente,True,2027,339,,,,,
Peça Mobília. Tipo: Apoio Braço. Material: Poliuretano. Cor: Preta. Aplicação: Cadeira Giratória. Características Adicionais: Distância Entre Furos 100mm,"Necessidade de manutenção em cadeiras giratórias para aumento da vida útil destes bens, unindo a preservação da saúde dos servidores e membros e economia ao erário.",Material Permanente,17199,"R$ 44,00",Material Permanente,True,2027,340,,,,,
"Rodízio Giratório
Material Banda Rodagem: Poliuretano","Necessidade de manutenção em cadeiras giratórias para aumento da vida útil destes bens, unindo a preservação da saúde dos servidores e membros e economia ao erário.",Material Permanente,16077,"R$ 78,95",Material Permanente,True,2027,341,,,,,
Peça Mobília. Tipo: Pistão A Gás. Material: Metálico. Formato: Coluna Universal. Aplicação: Cadeira Escritório. Características Adicionais: Com Bucha Guia Para Sistema Giratório. ,"Necessidade de manutenção em cadeiras giratórias para aumento da vida útil destes bens, unindo a preservação da saúde dos servidores e membros e economia ao erário.",Material Permanente,17199,"R$ 77,56",Material Permanente,True,2027,342,,,,,
Aquisição de Banco de Preço,Ferramenta necessária para pesquisa e comparação de preços praticados no mercado para compor processos de contratação e renovação de contrato,Serviço,21350,"R$ 11.679,87",Serviço,True,2027,343,,,,,
Serviço de Monitoramento e Rastreamentos dos veículos do MPPI,Serviço necessária para manutenção da locação e rastreamento dos veiculos de propriedades da PGJ,Serviço,2276,"R$ 840,00",Serviço,True,2027,344,,,,,
Serviço de Monitoramento e Rastreamentos dos veículos do MPPI,Serviço necessária para manutenção da locação e rastreamento dos veiculos de propriedades da PGJ,Serviço,2276,"R$ 0,00",Serviço,True,2027,345,,,,,
Contratação de Transporte Intermunicipal de Carga - PAC correios.,Necessidade de manutenção de contratos de entrega de correspondências e encomendas do MPPI,Serviço,3263,"R$ 6.182,28",Serviço,True,2027,346,,,,,
Locação de Imóvel para a PJ de Esperantina - PI,Atender ás demandas de locação do MPPI,Serviço,22721,"R$ 0,00",Serviço,True,2027,347,,,,,
Execução Orçamentária e Financeira. Programação financeira; Cronograma de desembolso; Restos a pagar; Controle de disponibilidade de caixa; Rotinas no SIAFIC/SIAFI.,"Qualificação da equipe na área administrativa, especificamente sobre a gestão patrimonial dos bens do setor público, ref. registro, depreciação, atualização dos valores, baixa e outras operações. ",Serviço,21172,"R$ 920,00",Serviço,True,2027,348,,,,,
Contabilidade Aplicada ao Setor Público (CASP). Estrutura do PCASP; Regimes contábeis; Controle patrimonial; Bens móveis e imóveis; Ajustes de avaliação patrimonial; Provisões e depreciação.,"Qualificação da equipe na área administrativa, especificamente sobre a gestão patrimonial dos bens do setor público, ref. registro, depreciação, atualização dos valores, baixa e outras operações. ",Serviço,21172,"R$ 2.940,00",Serviço,True,2027,349,,,,,
"Análise e Elaboração de Demosntrações Contábeis. DCASP – Balanço Orçamentário, Financeiro, Patrimonial, DVP, DFC e Notas Explicativas; Interpretação e análise de resultados.","Qualificação da equipe na área administrativa, especificamente sobre a gestão patrimonial dos bens do setor público, ref. registro, depreciação, atualização dos valores, baixa e outras operações. ",Serviço,21172,"R$ 2.200,00",Serviço,True,2027,350,,,,,
Locação de Imóvel para a PJ de São Raimundo Nonato - PI,Atender ás demandas de locação do MPPI,Serviço,22721,"R$ 0,00",Serviço,True,2027,351,,,,,
Locação de Imóvel para a PJ de Regeneração -PI,Atender ás demandas de locação do MPPI,Serviço,22721,"R$ 0,00",Serviço,True,2027,352,,,,,
Locação de Imóvel para a PJ de São Raimundo Nonato - PI,Atender ás demandas de locação do MPPI,Serviço,22721,"R$ 61.080,24",Serviço,True,2027,353,,,,,
Serviços Continuados de Auxiliar Administrativo -  Teresina e Campo Maior,A renovação é importante para o desenvolvimento de atividade auxuliares de contratados administrativos terceirizados,Serviço Tercerizado,25631,"R$ 570.958,00",Serviço Tercerizado,True,2027,354,,,,,
Ata de Manutenção Predial - Lote I - Teresina,A Contratação de empresa especializada em conversação e manutenção de edificações é justificada pela necessidade imprescindível de preservação e conservação dos prédios sedes do Ministério Público do Estado do Piauí em Teresina.,Serviço de Engenharia,1627,"R$ 399.960,00",Serviço de Engenharia,True,2027,355,,,,,
Ampliação do ambiente Nutanix,Amplicação do ambiente de Hiperconvergencia para Atender as demandas da CTI com a junção de equipamentos de amrazenameto de dados.,Software,26972,"R$ 2.233.091,26",Software,True,2027,356,,,,,
Insight - extração de dados 100 quebras (Techbiz Forense),Extração de dispositivos móveis - ferramenta Cellebrite,Software,21172,"R$ 397.801,57",Software,True,2027,357,,,,,
Kit Bateria Dji Mavic 3 Enterprise Séries,Núcleos de Inteligência e Operacional,Material Permanente,3475,"R$ 9.000,00",Material Permanente,True,2027,358,,,,,
Binóculo profissional ,Núcleos de Inteligência e Operacional,Material Permanente,603185,"R$ 2.000,00",Material Permanente,True,2027,359,,,,,
Rastreadores veicular,Núcleos de Inteligência e Operacional,Serviço,465813,"R$ 50,00",Serviço,True,2027,360,,,,,
Micro câmeras espiã ,Núcleos de Inteligência e Operacional,Material Permanente,620569,#REF!,Material Permanente,True,2027,361,,,,,
material de Escuta ambiente,Núcleos de Inteligência e Operacional,Material Permanente,21172,#REF!,Material Permanente,True,2027,362,,,,,
Abraçadeiras de Nylon 20 CM,Fixar e organizar equipamentos,Material de Consumo,614214,"R$ 32,27",Material de Consumo,True,2027,363,,,,,
Porca Gaiola - pacote com 100,"Fixar equipamentos em estruturas metálicas, como racks de servidores, facilitando a montagem em locais com furos quadrados",Material Permanente,630993,"R$ 65,46",Material Permanente,True,2027,364,,,,,
Bobinas de Etiquetadoras/Rotuladoras,Realizar a identificação de hardwares e estruturas de rede,Material de Consumo,289192,"R$ 51,93",Material de Consumo,True,2027,365,,,,,
Conectores RJ-45 - CAT6 - pacote com 100,Realizar o cabeamento de para redes de dados ne novas instalações ou substuição de cabeamento defeituoso ,Material de Consumo,448853,"R$ 36,45",Material de Consumo,True,2027,366,,,,,
Alicate de Crimpagem,Realizar o cabeamento de para redes de dados ne novas instalações ou substuição de cabeamento defeituoso ,Material Permanente,301895,"R$ 122,66",Material Permanente,True,2027,367,,,,,
Filtro de linha,"Proteger equipamentos eletrônicos contra interferências e surtos de tensão na rede elétrica, além de fornecer mais tomadas em um único ponto",Material Permanente,464972,"R$ 62,67",Material Permanente,True,2027,368,,,,,
Caixa de Cabo de rede CAT6,Realizar o cabeamento de para redes de dados ne novas instalações ou substuição de cabeamento defeituoso ,Material Permanente,481370,"R$ 1.002,48",Material Permanente,True,2027,369,,,,,
Switches 48 portas,"Melhorar a infraestrutura de rede cabeada do MPPI, através de ampliação do uso de switches gerenciavéis",Material Permanente,618779,"R$ 19.305,55",Material Permanente,True,2027,370,,,,,
Switches 24 portas,"Melhorar a infraestrutura de rede cabeada do MPPI, através de ampliação do uso de switches gerenciavéis",Material Permanente,618777,"R$ 0,00",Material Permanente,True,2027,371,,,,,
 Backup Contas M365,Backup dos serviços de e-mail e ferramentas de colaboração da plataforma Office 365,Software,27502,"R$ 824.384,00",Software,True,2027,372,,,,,
"Troféus, medalhas e placas de homenagem",Necessidade de confecção dos artefatos para homenagear membros e servidores desta instituição,Material de Consumo,20990,"R$ 30.000,00",Material de Consumo,True,2027,373,,,,,
"Câmera de segurança Tipo speed dome - câmera vídeo de segurança, tipo sensor: 1/2,8"" 2 megapixels CMOS - STARVIS™; voltagem: 12V; Resolução real Full HD: 1080p; informações adicionais: Ângulo de visão horizontal: 65.2° (zoom mínimo) — 2.7° (zoom máximo).
Ângulo de visão vertical: 37.7° (zoom mínimo) — 1.6° (zoom máximo). Zoom óptico: 25X; Zoom digital: 4X.
Alcance IR: 100 m
","A aquisição justifica-se pela necessidade de manter os prédios do MPPI sob controle de vigilância eletrônica permanente, visando manter a integrdade patrimonial e a incolumidade de membros, servidores e colaboradores.",Material Permanente,15041,"R$ 3.500,00",Material Permanente,True,2027,374,,,,,
"Câmera segurança (dome – interna) - câmera vídeo de segurança, tipo sensor:1/2.7""~1/2.8"", resolução horizontal:1920 mpx, resolução vertical:1080 mpx, voltagem:12-24 v, controle ganho:tilt:-15 a 90, características adicionais:ângulo de visão vertical: 33,8~44; horizontal:, componentes adicionais:protocolos: ipv4/ipv6, padrão:ip speed dome, interface:rj45 10/100/1000mbps","A aquisição justifica-se pela necessidade de manter os prédios do MPPI sob controle de vigilância eletrônica permanente, visando manter a integrdade patrimonial e a incolumidade de membros, servidores e colaboradores.",Material Permanente,15041,"R$ 221,00",Material Permanente,True,2027,375,,,,,
"Sensor eletrônico, características adicionais: lente 180, tipo:de presença, frequência comutação:60 hz, tensão alimentação:220 v, aplicação: detecção e alarme, instalação: parede. Referência: IVP 5001 PET","A aquisição justifica-se pela necessidade de manter os prédios do MPPI sob controle de vigilância eletrônica permanente, visando manter a integridade patrimonial e a incolumidade de membros, servidores e colaboradores.",Material Permanente,12010,"R$ 57,58",Material Permanente,True,2027,376,,,,,
"Câmera segurança (bullet – externa) - câmera vídeo de segurança, tipo sensor:cmos ¿.7, resolução horizontal:1920 px, resolução vertical:1080 px, voltagem:12 v, características adicionais:formato bullet, resolução full hd/ infravermelho (, cor:colorida)","A aquisição justifica-se pela necessidade de manter os prédios do MPPI sob controle de vigilância eletrônica permanente, visando manter a integrdade patrimonial e a incolumidade de membros, servidores e colaboradores.",Material Permanente,15041,"R$ 232,00",Material Permanente,True,2027,377,,,,,
"sistema circuito fechado tv, componentes:dvr  8canaishdcvi 1008, tipo sistema:gravação digital, aplicação:sistema de segurança, características adicionais:8 canais hdcvi de alta resolução, hd 720p com hdmi","A aquisição justifica-se pela necessidade de manter os prédios do MPPI sob controle de vigilância eletrônica permanente, visando manter a integrdade patrimonial e a incolumidade de membros, servidores e colaboradores.",Material Permanente,461529,"R$ 1.015,60",Material Permanente,True,2027,378,,,,,
"sistema circuito fechado tv, componentes:dvr 16 canais, tipo sistema:gravação digital, aplicação:sistema de segurança, características adicionais:gravação com resolução de até 5 megapixels","A aquisição justifica-se pela necessidade de manter os prédios do MPPI sob controle de vigilância eletrônica permanente, visando manter a integrdade patrimonial e a incolumidade de membros, servidores e colaboradores.",Material Permanente,21660,"R$ 1.929,91",Material Permanente,True,2027,379,,,,,
"sistema circuito fechado tv, componentes:dvr 32 canais, tipo sistema:gravação digital, aplicação:sistema de segurança","A aquisição justifica-se pela necessidade de manter os prédios do MPPI sob controle de vigilância eletrônica permanente, visando manter a integrdade patrimonial e a incolumidade de membros, servidores e colaboradores.",Material Permanente,21660,"R$ 3.642,21",Material Permanente,True,2027,380,,,,,
Suporte para TV. Especificações: suporte para TV 42 polegadas. ,"A aquisição justifica-se pela necessidade de manter os prédios do MPPI sob controle de vigilância eletrônica permanente, visando manter a integrIdade patrimonial e a incolumidade de membros, servidores e colaboradores.",Material Permanente,12395,"R$ 60,00",Material Permanente,True,2027,381,,,,,
"Central  monitoramento,  tensão:100 / 240 v, 
dimensões:285 x 487 
x 90 mm,  compatibilidade 
sistemas:  transmissores dos  sistemas rfnet e rede  mesh, finalidade:  monitorar alarmes","A aquisição justifica-se pela necessidade de manter os prédios do MPPI sob controle de vigilância eletrônica permanente, visando manter a integrdade patrimonial e a incolumidade de membros, servidores e colaboradores.",Material Permanente,484263,"R$ 1.149,37",Material Permanente,True,2027,382,,,,,
"MOTOR 
ELÉTRICO, 
TIPO:SEMI
-INDUSTRIAL 
PIVOTANTE, 
APLICAÇÃO:POR
TÃO 
ELETRÔNICO, 
CARACTERÍSTIC
AS 
ADICIONAIS:COM 
ACIONAMENTO 
PARA 3 METROS, 
COM CENTRAL 
DE COMA, 
POTÊNCIA 
NOMINAL:1 CV, 
TENSÃO 
NOMINAL:220 V, 
FREQUÊNCIA 
NOMINAL:60 HZ","A aquisição justifica-se pela necessidade de manter os prédios do MPPI sob controle de vigilância eletrônica permanente, visando manter a integrdade patrimonial e a incolumidade de membros, servidores e colaboradores.",Material Permanente,445876,"R$ 2.000,00",Material Permanente,True,2027,383,,,,,
" BATERIA SELADA, TENSÃO:12 V, AMPERAGEM:7 AH, COMPRIMENTO:150 MM, LARGURA:60 MM, ALTURA:90 MM, PESO:2,50 KG, FREQÜÊNCIA:60 HZ, APLICAÇÃO:NO BREAK","A aquisição justifica-se pela necessidade de manter os prédios do MPPI sob controle de vigilância eletrônica permanente, visando manter a integrdade patrimonial e a incolumidade de membros, servidores e colaboradores.",Material de Consumo,256579,"R$ 72,14",Material de Consumo,True,2027,384,,,,,
" SIRENE MULTIAPLICAÇÃO, TIPO:ELETRÔNICA, SAÍDA:12 V, ALCANCE:500 M, CARACTERÍSTICAS ADICIONAIS:TRANSFORMADOR","A aquisição justifica-se pela necessidade de manter os prédios do MPPI sob controle de vigilância eletrônica permanente, visando manter a integrdade patrimonial e a incolumidade de membros, servidores e colaboradores.",Material Permanente,267722,"R$ 75,82",Material Permanente,True,2027,385,,,,,
" CABO BLINDADO, TIPO:4 VIAS, APLICAÇÃO:REDE DE ALARME E DETECÇÃO DE INCÊNDIO, BITOLA:2 X 1,50 MM² E 2 X 0,75 MM² MM, TEMPERATURA OPERAÇÃO:70 ¿C, COR:VERMELHA","A aquisição justifica-se pela necessidade de manter os prédios do MPPI sob controle de vigilância eletrônica permanente, visando manter a integrdade patrimonial e a incolumidade de membros, servidores e colaboradores.",Material de Consumo,458360,"R$ 65,00",Material de Consumo,True,2027,386,,,,,
"FONTE ALIMENTAÇÃO, TENSÃO ALIMENTAÇÃO:100/240 V, TENSÃO SAÍDA:12 V, CORRENTE SAÍDA:10 A, TIPO:CHAVEADA","A aquisição justifica-se pela necessidade de manter os prédios do MPPI sob controle de vigilância eletrônica permanente, visando manter a integrdade patrimonial e a incolumidade de membros, servidores e colaboradores.",Material de Consumo,463627,"R$ 170,78",Material de Consumo,True,2027,387,,,,,
" CONVERSOR IMPEDÂNCIA, TIPO:BALUN BNC/P4, CARACTERÍSTICAS ADICIONAIS:LEDS: SINALIZAÇÃO DE VIDEO E ALIMENTAÇÃO, TENSÃO ALIMENTAÇÃO:12 V, TIPO CONEXÃO ENTRADA:RJ45, APLICAÇÃO:INTERLIGAÇÃO DE EQUIPAMENTO DE VÍDEO E ALIMENTAÇÃO","A aquisição justifica-se pela necessidade de manter os prédios do MPPI sob controle de vigilância eletrônica permanente, visando manter a integrdade patrimonial e a incolumidade de membros, servidores e colaboradores.",Material de Consumo,448177,"R$ 33,00",Material de Consumo,True,2027,388,,,,,
"Telvisor SMART TV; Tamanho Tela:  42 POL , Voltagem: 110/220 V 
Características Adicionais: Ful  Hd, Smart Tv,  Dvt, Widescreen, 
2 Entradas Rf ; Tipo Tela: Led 
Acessórios:  Controle Remoto","A aquisição justifica-se pela necessidade de manter os prédios do MPPI sob controle de vigilância eletrônica permanente, visando manter a integrIdade patrimonial e a incolumidade de membros, servidores e colaboradores.",Material Permanente,12609,"R$ 1.300,00",Material Permanente,True,2027,389,,,,,
" CONECTOR ÁUDIO-VÍDEO, TIPO:P4 MACHO, APLICAÇÃO:EQUIPAMENTOS ELETRÔNICOS","A aquisição justifica-se pela necessidade de manter os prédios do MPPI sob controle de vigilância eletrônica permanente, visando manter a integrdade patrimonial e a incolumidade de membros, servidores e colaboradores.",Material de Consumo,399894,"R$ 1,90",Material de Consumo,True,2027,390,,,,,
" CAIXA PLÁSTICA, MATERIAL:POLIETILENO, COMPRIMENTO:43 CM, LARGURA:32 CM, ALTURA:19 CM, APLICAÇÃO:MULTIUSO, COR:PRETA, CARACTERÍSTICAS ADICIONAIS:PERSONALIZADA CONFORME MODELO DO ÒRGÃO, MODELO:8","A aquisição justifica-se pela necessidade de manter os prédios do MPPI sob controle de vigilância eletrônica permanente, visando manter a integrdade patrimonial e a incolumidade de membros, servidores e colaboradores.",Material Permanente,467924,"R$ 10,90",Material Permanente,True,2027,391,,,,,
" CABO COAXIAL, DIÂMETRO CONDUTOR EXTERIOR:4 MM, CAPACITÂNCIA NOMINAL:101 PF/M, IMPEDÂNCIA:75 OHM, MATERIAL DO CONDUTOR:COBRE PRATEADO, COR DA COBERTURA:BRANCA, MATERIAL COBERTURA:PVC ANTI-CHAMA FLEXÍVEL, DIÂMETRO EXTERNO:4 MM, CARACTERÍSTICAS ADICIONAIS:VELOCIDADE DE PROPAGAÇÃO NOMINAL DE 66%, TIPO BLINDAGEM:COM 95% MALHA DE COBRE, APLICAÇÃO:LIGAÇÃO DE CÂMERA DE CFTV, TIPO:RG59","A aquisição justifica-se pela necessidade de manter os prédios do MPPI sob controle de vigilância eletrônica permanente, visando manter a integrdade patrimonial e a incolumidade de membros, servidores e colaboradores.",Material Permanente,353785,"R$ 378,71",Material Permanente,True,2027,392,,,,,
Disco Rígido Removível. Capacidade Memória: 8 TB. Interface: Serial Ata (Sata III). Velocidade: 5.640 RPM,"A aquisição justifica-se pela necessidade de manter os prédios do MPPI sob controle de vigilância eletrônica permanente, visando manter a integrdade patrimonial e a incolumidade de membros, servidores e colaboradores.",Material Permanente,17653,"R$ 1.800,00",Material Permanente,True,2027,393,,,,,
Protocolos para condutas em segurança institucional. ,"A realização da capacitação justifica-se pela necessidade de desenvolver uma cultura de segurança no âmbito do Ministério Público que englobe a proteção e a salvaguarda das pessoas, do material, das áreas e instalações e da informação, conforme as diretrizes da Resolução Nº 156/2016 do CNMP.",Treinamento - Qualificação Profissional ,21172,"R$ 450,00",Treinamento - Qualificação Profissional ,True,2027,394,,,,,
Inteligência e Contrainteligência no contexto do MP - CAPACITAÇÃO GERAL ,"Desemvolver, nos diversos integrantes do MPPI, consciência quanto à importância da adoção de procedimentos destinados à salvaguarda de ativos essenciais ao cumprimento da missão institucional do Ministério Público, ampliando a visibilidade da Atividade de Inteligência e da Contrainteligência perante membros e servidores. ",Treinamento - Qualificação Profissional ,21172,"R$ 666,00",Treinamento - Qualificação Profissional ,True,2027,395,,,,,
Fragmentadora de papel,"Justifica-se  para 
preservação  da  segurança 
da 
informação 
da 
instituição 
contida em 
documentos 
físicos.",Material Permanente,292,"R$ 950,00",Material Permanente,True,2027,396,,,,,
Fechadura elétrica de sobrepor com acionamento remoto. Especificações: Acabamento: Aço inoxidável,"A  contratação  é necessária 
para garantir a segurança e 
manter o  funcionamento das 
atividades  ministeriais.",Material Permanente,7326,"R$ 280,00",Material Permanente,True,2027,397,,,,,
"Botoeira. Especificações: Alcance RF: 100 m sem obstáculo. Frequência: 433,92 MHz. Taxa de transmissão: 20 kbps / 2 kbps. Modulação: FSK / OOK. Alimentação: Bateria ","A  contratação  é necessária 
para garantir a segurança e 
manter o  funcionamento das 
atividades  ministeriais.",Material Permanente,633504,"R$ 50,00",Material Permanente,True,2027,398,,,,,
ARMÁRIO BAIXO 800x500x740 MM (LxPxH),Implantação de Procons municipais,Material Permanente,15290,"R$ 903,31",Material Permanente,True,2027,399,,,,,
GAVETEIRO VOLANTE COM 4 GAVETAS. DIMENSÕES: 400X470X620 MM(LXPXH),Implantação de Procons municipais,Material Permanente,336,"R$ 834,17",Material Permanente,True,2027,400,,,,,
MESA RETANGULAR DIMENSÕES: 1200 X 600 X 740 MM(LXPXH),Implantação de Procons municipais,Material Permanente,14334,"R$ 874,32",Material Permanente,True,2027,401,,,,,
MESA REUNIÃO REDONDA DIMENSÕES: 1200 X 740 MM,Implantação de Procons municipais,Material Permanente,321,"R$ 1.087,03",Material Permanente,True,2027,402,,,,,
"POLTRONA GIRATÓRIA OPERACIONAL ESPALDAR ALTO, COM BRAÇOS REGULÁVEIS",Implantação de Procons municipais,Material Permanente,342,"R$ 1.394,00",Material Permanente,True,2027,403,,,,,
"POLTRONA GIRATÓRIA OPERACIONAL ESPALDAR MÉDIO, COM BRAÇOS REGULÁVEIS",Implantação de Procons municipais,Material Permanente,342,"R$ 1.294,00",Material Permanente,True,2027,404,,,,,
CADEIRA ESTOFADA FIXA,Implantação de Procons municipais,Material Permanente,313,"R$ 796,00",Material Permanente,True,2027,405,,,,,
CADEIRA EMPILHÁVEL,Implantação de Procons municipais,Material Permanente,313,"R$ 460,35",Material Permanente,True,2027,406,,,,,
CADEIRA SOB LONGARINA 03 LUGARES,Implantação de Procons municipais,Material Permanente,13678,"R$ 1.990,00",Material Permanente,True,2027,407,,,,,
"BEBEDOURO, TIPO COLUNA, PARA GARRAFÃO DE 20 LITROS",Implantação de Procons municipais,Material Permanente,4079,"R$ 900,00",Material Permanente,True,2027,408,,,,,
contratação do posto de agente de limpeza para sede da Promotoria de Justição de Buriti dos Lopes,A contratação se faz necessária para manutenção dos serviços de limpeza e conservação na sede da Promotoria de Justiça de Buriti dos Lopes - PI,Serviço Tercerizado,30185,"R$ 19.631,59",Serviço Tercerizado,True,2027,409,,,,,
"Introdução ao Ciclo Orçamentário Público. Planejamento e PPA, LDO, LOA; Classificações orçamentárias; Etapas da despesa pública; Empenho, liquidação e pagamento.","Qualificação da equipe na área administrativa, especificamente sobre a gestão patrimonial dos bens do setor público, ref. registro, depreciação, atualização dos valores, baixa e outras operações. ",Serviço,21172,"R$ 1.600,00",Serviço,True,2027,410,,,,,
"Suprimento de fundos:Base legal (Decreto e Instruções Normativas); Limites, prazos e prestação de contas; Responsabilidades e controle interno.","Qualificação da equipe na área administrativa, especificamente sobre a gestão patrimonial dos bens do setor público, ref. registro, depreciação, atualização dos valores, baixa e outras operações. ",Serviço,21172,"R$ 2.260,00",Serviço,True,2027,411,,,,,
Conciliações contábeis automatizadas e uso de BI,"Qualificação da equipe na área administrativa, especificamente sobre a gestão patrimonial dos bens do setor público, ref. registro, depreciação, atualização dos valores, baixa e outras operações. ",Serviço,21172,"R$ 2.590,00",Serviço,True,2027,412,,,,,
Fechamento de Balanço e Encerrando de Exercício. Oficina prática de encerramento do exercício,"Qualificação da equipe na área administrativa, especificamente sobre a gestão patrimonial dos bens do setor público, ref. registro, depreciação, atualização dos valores, baixa e outras operações. ",Serviço,21172,"R$ 504,90",Serviço,True,2027,413,,,,,
11° Prêmio MPPI de Jornalismo,"Realização de licitação, na modalidade concurso, conforme disposto em Ato PGJ, para escolha e premiação dos vencedores da 10ª edição do Prêmio MPPI de Jornalismo.",Serviço,10200,"R$ 37.500,00",Serviço,True,2027,414,,,,,
Avaliação de imóveis,Necessidade de contratar avalidadores para os imóveis próprios e locados do MPPI.,Serviço de Engenharia,21784,"R$ 1.000,00",Serviço de Engenharia,True,2027,415,,,,,
Serviços Continuados de Auxiliar Administrativo - Cidade de Pedro II,A renovação é importante para o desenvolvimento de atividade auxuliares de contratados administrativos terceirizados,Serviço Tercerizado,25631,"R$ 0,00",Serviço Tercerizado,True,2027,416,,,,,
"Água Mineral Natural, sem gás, (Recarga), acondicionada em embalagem retornável, (Garrafão), de 20 litros. Lote Teresina",A Contratação é necessária para repor o estoque e manter o funcionamento das atividades ministeriais.,Material de Consumo,445485,"R$ 4,20",Material de Consumo,True,2027,417,,,,,
"Vasilhame para água mineral de 20 litros, somente o vasilhame, produto novo de primeiro uso e validade mínima de 24 meses.",A Contratação é necessária para repor o estoque e manter o funcionamento das atividades ministeriais.,Material de Consumo,402921,"R$ 19,15",Material de Consumo,True,2027,418,,,,,
"Água mineral, natural, sem gás, em garrafa de 1,5 litro, fardo com 6 unidades.",A Contratação é necessária para repor o estoque e manter o funcionamento das atividades ministeriais.,Material de Consumo,445484,"R$ 1,75",Material de Consumo,True,2027,419,,,,,
"Água mineral, natural, sem gás, em copo de 200ml, caixa com 48 unidades. ",A Contratação é necessária para repor o estoque e manter o funcionamento das atividades ministeriais.,Material de Consumo,445484,"R$ 0,85",Material de Consumo,True,2027,420,,,,,
"Água mineral, natural, sem gás, em garrafões de 20 litros (L) retornável, com tampa e lacre de segurança, com validade mínima de 06 meses (recarga). Regional Norte.",A Contratação é necessária para repor o estoque e manter o funcionamento das atividades ministeriais.,Material de Consumo,445485,"R$ 20,26",Material de Consumo,True,2027,421,,,,,
"Água mineral, natural, sem gás, em garrafões de 20 litros (L) retornável, com tampa e lacre de segurança, com validade mínima de 06 meses (recarga). Regional Sul 01.",A Contratação é necessária para repor o estoque e manter o funcionamento das atividades ministeriais.,Material de Consumo,445485,"R$ 16,90",Material de Consumo,True,2027,422,,,,,
"Água mineral, natural, sem gás, em garrafões de 20 litros (L) retornável, com tampa e lacre de segurança, com validade mínima de 06 meses (recarga). Regional Sul 02.",A Contratação é necessária para repor o estoque e manter o funcionamento das atividades ministeriais.,Material de Consumo,445485,"R$ 17,90",Material de Consumo,True,2027,423,,,,,
"Garrafa térmica de 500 ml com ampola de vidro, rosca higiênica, alça ergonômica e rolha corta-gotas que evita pingos após servir. Ideal para líquidos quentes ou frios, com excelente eficiência térmica. Tampa pode ser utilizada como copo. Livre de bisfenol (bpa free). Eficiência térmica: Quente - 8 horas, Frio - 12 horas. Especificações: - material exterior: polipropileno - material ampola: vidro - com alça. Cores Variadas. Marcas de Referência: Termolar, Tramontina, Aladdin ou de qualidade equivalente ou superior.",A Contratação é necessária para repor o estoque e manter o funcionamento das atividades ministeriais.,Material de Consumo,297847,"R$ 21,50",Material de Consumo,True,2027,424,,,,,
"Garrafa térmica, com capacidade de 1 litro, corpo em polipropileno, ampola em vidro, devendo esta de acordo com a nbr 13282, tampa rosqueável, com alca resistente e anatômica, lisa, sem decoração. Sistema que evita pingos. Cores Variadas. Marcas de Referência: Termolar, Tramontina, Aladdin ou de qualidade equivalente ou superior.",A Contratação é necessária para repor o estoque e manter o funcionamento das atividades ministeriais.,Material de Consumo,232589,"R$ 24,70",Material de Consumo,True,2027,425,,,,,
"Garrafa termica, de pressao, com capacidade de 1,8 litro, corpo em aco inox, ampola em vidro, devendo estar de acordo com a NBR 13282, fundo de polipropileno, com tampa em polipropileno, com alca, lisa.  Sistema que evita pingos. Cor Preta. Marcas de Referência: Termolar, Tramontina, Aladdin ou de qualidade equivalente ou superior.",A Contratação é necessária para repor o estoque e manter o funcionamento das atividades ministeriais.,Material de Consumo,288915,"R$ 74,00",Material de Consumo,True,2027,426,,,,,
"Coador de papel para filtrar café n° 103, caixa com 30 unidades. Marcas de Referência: 3 corações, Santa Clara, Melitta ou de qualidade equivalente ou superior.",A Contratação é necessária para repor o estoque e manter o funcionamento das atividades ministeriais.,Material de Consumo,237590,"R$ 3,00",Material de Consumo,True,2027,427,,,,,
"Coador Café - Filtro De Tecido Para Café 22 Cm Diâmetro X 30 Cm Altura. Feito Com pano 100% Algodão, Reutilizável, Cor Branca.",A Contratação é necessária para repor o estoque e manter o funcionamento das atividades ministeriais.,Material de Consumo,356435,"R$ 6,80",Material de Consumo,True,2027,428,,,,,
"Biscoito Peta Caseira, rosquinha, de 1º Qualidade, 100% Natural (sem conservantes químicos), Sem Glútem, Acondicionada Em Embalagem Plástica Que O Proteja Das Impurezas, Com Cor, Odor E Sabor Característico Do Produto, Pacote Com 100G. O produto deve estar com suas características físicas intactas (não quebrados). Caso no momento da entrega não tenha pacote de 100g disponível, poderá ser realizada a proporção de acordo com a embalagem fornecida, desde que seja mantido o valor registrado por cada 100 gramas entregue e o total máximo registrado neste Termo de Referência. Embalagem Contendo Informações Nutricionais, Ingredientes, Com Especificação De Peso, Data De Validade, Data De Fabricação, Nº Do Lote, Produto e Marca. Validade Mínima de 4 meses a partir da entrega. Marcas de referência: Dany, Exótica, Mandarim ou de qualidade correspondente.",A Contratação é necessária para repor o estoque e manter o funcionamento das atividades ministeriais.,Material de Consumo,482917,"R$ 4,60",Material de Consumo,True,2027,429,,,,,
Adocante Dietético Líquido Contendo Em Sua Composicao Stévia. Embalagem de 80 ml.,A Contratação é necessária para repor o estoque e manter o funcionamento das atividades ministeriais.,Material de Consumo,236197,"R$ 7,30",Material de Consumo,True,2027,430,,,,,
"Cappuccino - Café cappuccino, solúvel, TRADICIONAL, em pó, frasco com 400g. Validade, impressa na embalagem, mínima de 10 meses, a contar do recebimento definitivo. Produto de primeira qualidade. Marcas de referência: Três corações, Melitta, Santa Clara, Nescafé ou de qualidade correspondente.  Pacote 400g.",A Contratação é necessária para repor o estoque e manter o funcionamento das atividades ministeriais.,Material de Consumo,463562,"R$ 20,70",Material de Consumo,True,2027,431,,,,,
"Açúcar tipo: cristal, prazo de validade mínimo: 12 meses, na cor branca, de sacarose da cana de açúcar, livre de impurezas, insetos ou micro-organismos ou outras impurezas que possam comprometer o consumo humano ou o armazenamento, embalagem transparente plástica contendo 1kg, informações nutricionais na embalagem, data de fabricação e prazo de validade conforme resolução vigente – ANVISA. Deve ser entregue em fardos.",A Contratação é necessária para repor o estoque e manter o funcionamento das atividades ministeriais.,Material de Consumo,463989,"R$ 3,80",Material de Consumo,True,2027,432,,,,,
"CAFÉ – em pó torrado e moído (referência: 3 CORAÇÕES PREMIUM, MARATÁ SUPERIOR OU SANTA CLARA PREMIUM). Características Gerais: Homogêneo, torrado e moído, do tipo superior, de primeira qualidade; Espécie: café arábica ou blendados, admitindo-se a presença de conilon não superior a 10%; Bebida: tipo mole ou dura; Ponto de Torra: variando entre 55 a 65 pontos do Disco Agtron, correspondendo ao intervalo média a média clara; Embalagem: em sistema de alto vácuo ou vácuo puro, em sacos aluminizados, em pacotes de 250 gramas cada, constando nas embalagens a data de fabricação e de validade do produto; Validade: mínima de 6 meses , a contar da data do recebimento definitivo; Características Físicas: Grãos de café do tipo 6 da COB (Classificação Oficial Brasileira), ou superior, com no máximo 10% em peso de grãos com defeitos (pretos, verdes e ardidos). Sem a presença de grão pretos verdes ou fermentados; Características Químicas (exigidas em g/100g): * Umidade em 5,0 % no máximo;*Resíduo mineral fixo em 5,0 %, no máximo; *Resíduo mineral fixo, insolúvel em ácido clorídrico a 10% v/vem 1,0% no máximo; * Cafeína em 0,7%, no mínimo; *Extrato aquoso em 25%, no mínimo; * Extrato etéreo em 8,0%, no mínimo. Deverá possuir registro válido na ABIC (Associação Brasileira da Indústria de Café).",A Contratação é necessária para repor o estoque e manter o funcionamento das atividades ministeriais.,Material de Consumo,463579,"R$ 19,95",Material de Consumo,True,2027,433,,,,,
"Apagador Quadro Branco Material Base: Feltro , Material Corpo: Acrílico , Comprimento: 17 CM, Largura: 5 CM, Altura: 10 CM, Características Adicionais: Estojo Com Compartimento Para 2 Pincéis.",A Contratação é necessária para repor o estoque e manter o funcionamento das atividades ministeriais.,Material de Consumo,427366,"R$ 6,90",Material de Consumo,True,2027,434,,,,,
"Apontador Lápis Simples - Material: Plástico, Tipo: Escolar, Tamanho: Pequeno, Quantidade Furos: 1, Características Adicionais: Sem Depósito, Caixa com 24 unidades.",A Contratação é necessária para repor o estoque e manter o funcionamento das atividades ministeriais.,Material de Consumo,287639,"R$ 10,00",Material de Consumo,True,2027,435,,,,,
"Borracha escolar 2 cores, ideal para grafite, atóxica, medindo 50mm x 16mm x 7mm. Caixa com 60 unidades.",A Contratação é necessária para repor o estoque e manter o funcionamento das atividades ministeriais.,Material de Consumo,286272,"R$ 34,00",Material de Consumo,True,2027,436,,,,,
"Caneta Esferográfica Material: Plástico , Quantidade Cargas: 1 UN, Material Ponta: Aço Inoxidável Com Esfera De Tungstênio , Tipo Escrita: Média , Cor Tinta: Azul. Marca de referência: bic. Caixa com 50 unidades.",A Contratação é necessária para repor o estoque e manter o funcionamento das atividades ministeriais.,Material de Consumo,462546,"R$ 42,00",Material de Consumo,True,2027,437,,,,,
"Caneta Esferográfica Material: Plástico , Quantidade Cargas: 1 UN, Material Ponta: Esfera De Tungstênio , Tipo Escrita: Média , Cor Tinta: Preta , Características Adicionais: Prendedor Bolso Tampa Removível, Oríficio Lateral. Marca de referência: bic. Caixa com 50 unidades.",A Contratação é necessária para repor o estoque e manter o funcionamento das atividades ministeriais.,Material de Consumo,405991,"R$ 42,00",Material de Consumo,True,2027,438,,,,,
"Caneta esferográfica - Material: Plástico, Características Adicionais: Material Transparente E Com Orifício Lateral, Quantidade Cargas: 1 UN, Material Ponta: Latão Com Esfera De Tungstênio, Tipo Escrita: Média, Cor Tinta: Vermelha. Marca de referência: bic. Caixa com 50 unidades.",A Contratação é necessária para repor o estoque e manter o funcionamento das atividades ministeriais.,Material de Consumo,271838,"R$ 42,00",Material de Consumo,True,2027,439,,,,,
"Caneta marca-texto - Material: Plástico, Tipo Ponta: Fluorescente. Cor verde. Caixa com 12 unidades.",A Contratação é necessária para repor o estoque e manter o funcionamento das atividades ministeriais.,Material de Consumo,295478,"R$ 14,40",Material de Consumo,True,2027,440,,,,,
"Caneta marca-texto - Material: Plástico, Tipo Ponta: Fluorescente. Cor Amarela. Caixa com 12 unidades",A Contratação é necessária para repor o estoque e manter o funcionamento das atividades ministeriais.,Material de Consumo,295478,"R$ 14,40",Material de Consumo,True,2027,441,,,,,
"Fita Adesiva 45mm x 45mm, Transparente, Tipo Durex, Pacote com 4 unidades, Com Boa Adesão E Resistência.",A Contratação é necessária para repor o estoque e manter o funcionamento das atividades ministeriais.,Material de Consumo,356367,"R$ 19,00",Material de Consumo,True,2027,442,,,,,
" Fita Adesiva Material: Papel Kraft , Tipo: Gomada , Largura: 50 MM, Comprimento: 50M, Cor: Marrom",A Contratação é necessária para repor o estoque e manter o funcionamento das atividades ministeriais.,Material de Consumo,351728,"R$ 10,50",Material de Consumo,True,2027,443,,,,,
"Fita Adesiva - Material: Plástico Adesivo, Tipo: Rotuladora, Largura: 12 Mm, Cor: Branca, Aplicação: Rotulador Eletrônico, Mod. Pt-80.",A Contratação é necessária para repor o estoque e manter o funcionamento das atividades ministeriais.,Material Permanente,279197,"R$ 10,50",Material Permanente,True,2027,444,,,,,
" Lápis preto no 02, medindo aproximadamente de 17,5cm, apontados, corpo em madeira. Caixa com 144 unidades.",A Contratação é necessária para repor o estoque e manter o funcionamento das atividades ministeriais.,Material de Consumo,304324,"R$ 50,00",Material de Consumo,True,2027,445,,,,,
"Pincel atômico marcador permanente, cor preta, corpo composto por resina termoplástica, ponta de feltro chanfrado que permite dois traços: fino e grosso. Caixa com 12 unidades. Marcas de Referência: Compactor, Pilot ou Bic.",A Contratação é necessária para repor o estoque e manter o funcionamento das atividades ministeriais.,Material de Consumo,257033,"R$ 40,00",Material de Consumo,True,2027,446,,,,,
"Pincel atômico marcador permanente, cor vermelha, corpo composto por resina termoplástica, ponta de feltro chanfrado que permite dois traços: fino e grosso. Caixa com 12 unidades. Marcas de Referência: Compactor, Pilot ou Bic.",A Contratação é necessária para repor o estoque e manter o funcionamento das atividades ministeriais.,Material de Consumo,257034,"R$ 29,50",Material de Consumo,True,2027,447,,,,,
"Pincel atômico marcador permanente, cor azul, corpo composto por resina termoplástica, ponta de feltro chanfrado que permite dois traços: fino e grosso. Caixa com 12 unidades. Marcas de Referência: Compactor, Pilot ou Bic.",A Contratação é necessária para repor o estoque e manter o funcionamento das atividades ministeriais.,Material de Consumo,257031,"R$ 48,00",Material de Consumo,True,2027,448,,,,,
"Pincel Quadro Branco / Magnético Material: Plástico , Cor: Azul , Características Adicionais: Escrita 2mm, Ponta Arredondada , Material Ponta: Fibra Sintética , Tipo Carga: Recarregável. Caixa com 12 unidades. Marcas de Referência: Compactor, Pilot ou Bic.",A Contratação é necessária para repor o estoque e manter o funcionamento das atividades ministeriais.,Material de Consumo,409978,"R$ 51,00",Material de Consumo,True,2027,449,,,,,
"Pincel Quadro Branco / Magnético Material: Plástico , Cor: Preta , Características Adicionais: Escrita 2mm, Ponta Arredondada , Material Ponta: Fibra Sintética , Tipo Carga: Recarregável. Caixa com 12 unidades. Marcas de Referência: Compactor, Pilot ou Bic.",A Contratação é necessária para repor o estoque e manter o funcionamento das atividades ministeriais.,Material de Consumo,409980,"R$ 42,00",Material de Consumo,True,2027,450,,,,,
"Pincel Quadro Branco / Magnético Material: Plástico , Cor: Vermelho , Material Ponta: Feltro , Tipo Carga: Recarregável. Caixa com 12 unidades. Marcas de Referência: Compactor, Pilot ou Bic.",A Contratação é necessária para repor o estoque e manter o funcionamento das atividades ministeriais.,Material de Consumo,244305,"R$ 38,00",Material de Consumo,True,2027,451,,,,,
"Grampeador de mesa pequeno, cor preta, para até 20 folhas de gramatura 75, utilizando grampos 24/6 e 26/6, com dimensões mínimas 12,6 x 3,6 x 5,6cm.",A Contratação é necessária para repor o estoque e manter o funcionamento das atividades ministeriais.,Material de Consumo,285553,"R$ 11,00",Material de Consumo,True,2027,452,,,,,
"Grampo para grampeador 26/6, galvanizado, caixa com 1000 unidades.",A Contratação é necessária para repor o estoque e manter o funcionamento das atividades ministeriais.,Material de Consumo,203144,"R$ 3,15",Material de Consumo,True,2027,453,,,,,
"Papel Sulfite 75g, 210x297, A4, resma com 500 folhas, caixa com 10 resmas.",A Contratação é necessária para repor o estoque e manter o funcionamento das atividades ministeriais.,Material de Consumo,461819,"R$ 262,00",Material de Consumo,True,2027,454,,,,,
"Papel Fotográfico Com Gramatura 180G/M2, Tamanho A4, Medindo 210X297mm, Pacote Com 100 Folhas.",A Contratação é necessária para repor o estoque e manter o funcionamento das atividades ministeriais.,Material de Consumo,451897,"R$ 42,00",Material de Consumo,True,2027,455,,,,,
"Envelope tipo saco, na cor amarela, 80 grs, material offset. Envelope tipo 1 (tamanho 20 x 28 cm): a logomarca será impressa em sua versão monocromática, em preto, no canto superior esquerdo, na face contrária ao da abertura (frente do envelope). com largura de 115 mm. Embalagem com 100 unidades.",A Contratação é necessária para repor o estoque e manter o funcionamento das atividades ministeriais.,Material de Consumo,459333,"R$ 30,00",Material de Consumo,True,2027,456,,,,,
"Envelope tipo saco, na cor amarela, 80 grs, material offset. Envelope tipo 2 (tamanho 36 x 26 cm): logomarca com largura 
de 160 mm: a logomarca será impressa em sua versão monocromática, em preto, no canto superior esquerdo, na face contrária ao da abertura (frente do envelope). com largura de 160 mm. Embalagem com 100 unidades.",A Contratação é necessária para repor o estoque e manter o funcionamento das atividades ministeriais.,Material de Consumo,468313,"R$ 30,00",Material de Consumo,True,2027,457,,,,,
"Bateria alcalina 9v, embalagem com 1 unidade. Marcas de Referência: Duracell, Elgin, Rayovac, ou Panasonic.",A Contratação é necessária para repor o estoque e manter o funcionamento das atividades ministeriais.,Material de Consumo,368173,"R$ 22,90",Material de Consumo,True,2027,458,,,,,
"Bateria de Lítio CR 2032 3v. Embalagem com 5 unidades. Marcas de Referência: Duracell, Elgin, Rayovac, ou Panasonic.",A Contratação é necessária para repor o estoque e manter o funcionamento das atividades ministeriais.,Material de Consumo,411291,"R$ 10,80",Material de Consumo,True,2027,459,,,,,
"Pilha Tamanho: Pequena , Modelo: A23 , Sistema Eletroquímico: Alcalina , Tensão Nominal: 12V. Cartela com 5 unidades. Marcas de Referência: Duracell, Elgin, Rayovac, ou Panasonic.",A Contratação é necessária para repor o estoque e manter o funcionamento das atividades ministeriais.,Material de Consumo,410947,"R$ 21,00",Material de Consumo,True,2027,460,,,,,
"Pilha, tipo alcalina, na voltagem de 1,5 v, no tamanho pequeno - AA, conforme resolucao conama 401/2008, abnt 11175/90, validade mínima de 12 meses no ato da entrega. Cartela com 2 unidades. Marcas de Referência: Duracell, Elgin, Rayovac, ou Panasonic.",A Contratação é necessária para repor o estoque e manter o funcionamento das atividades ministeriais.,Material de Consumo,341044,"R$ 5,90",Material de Consumo,True,2027,461,,,,,
"Pilha, Tipo Alcalina, Na Voltagem De 1,5V, No Tamanho Palito (AAA), Com Prazo De Validade Minimo De 12 (Doze) Meses, Conforme Resolução Do Conama 401 04/11/2008, Norma Abnt E 11175/90. Cartela com 2 unidades. Marcas de Referência: Duracell, Elgin, Rayovac, ou Panasonic.",A Contratação é necessária para repor o estoque e manter o funcionamento das atividades ministeriais.,Material de Consumo,246685,"R$ 5,90",Material de Consumo,True,2027,462,,,,,
"Memória Portátil Microcomputador Capacidade Memória: 16 Gb, Aplicação: Armazenamento De Dados , Tipo: Pen Drive",A Contratação é necessária para repor o estoque e manter o funcionamento das atividades ministeriais.,Material de Consumo,467654,"R$ 22,00",Material de Consumo,True,2027,463,,,,,
"Mouse, confeccionado em plastico, optico, com 3 botoes, com botao de rolagem scroll, compativel com windows 7, 8.1, 10, com conector usb, resolucao de 1000 dpi, cabo de aproximadamente 180 cm, dimensoes aproximadas 112,96 x 61,7 x 38,4 mm (axlxp), garantia de 12 meses",A Contratação é necessária para repor o estoque e manter o funcionamento das atividades ministeriais.,Material de Consumo,274429,"R$ 17,49",Material de Consumo,True,2027,464,,,,,
"Teclado para computador, Padrao Abnt-2, Com Conector Usb, Garantia De 01 Ano, Contra Defeitos De Fabricacao, Com as seguintes características mínimas: - compatível com windows 10, windows rt e windows 7, cor: preta com identificação das teclas em branco – deve possuir teclado numérico na lateral direita.",A Contratação é necessária para repor o estoque e manter o funcionamento das atividades ministeriais.,Material de Consumo,451817,"R$ 32,00",Material de Consumo,True,2027,465,,,,,
"Papel Timbrado Folha Ofício A4, Gramatura 75G/M², Medindo 21X29,7Cm, Na Cor Branca. Embalagem/resma com 500 Fls.",A Contratação é necessária para repor o estoque e manter o funcionamento das atividades ministeriais.,Material de Consumo,461824,"R$ 26,50",Material de Consumo,True,2027,466,,,,,
"Água Sanitária 1L - Composição Química: Hipoclorito De Sódio, Hidróxido De Sódio, Cloreto , Teor Cloro Ativo: Varia De 2 A 2,50% , Cor: Incolor , Aplicação: Lavagem E Alvejante De Roupas, Banheiras, Pias, rótulo com identificação do produto, marca do Fabricante, data de validade, registro na ANVISA. Frasco de 1L. Com data de fabricação não superior a 6 meses na data da entrega. Marcas de Referências: Ypê, Brilux ou de qualidade semelhante ou superior.",A Contratação é necessária para repor o estoque e manter o funcionamento das atividades ministeriais.,Material de Consumo,310507,"R$ 1,50",Material de Consumo,True,2027,467,,,,,
"Desinfetante 1 L - Composição: À Base De Quaternário De Amônio, Princípio Ativo: Cloreto Alquil Dimetil Benzil Amônio +Tensioativos, Teor Ativo: Solução Concentrada, Teor Ativo Em Torno De 50%, Forma Física: Solução Aquosa, Característica Adicional: Com Aroma. Marcas de Referências: Ypê, Bom Bril, Minuano ou de qualidade semelhante ou superior.",A Contratação é necessária para repor o estoque e manter o funcionamento das atividades ministeriais.,Material de Consumo,408649,"R$ 2,50",Material de Consumo,True,2027,468,,,,,
"Detergente líquido lava louça com glicerina, testado dermatologicamente, biodegradável, com registro na ANVISA/MS, frasco de 500ml. Validade mínima de 06 meses. Tipo NEUTRO. Marcas de Referências: Ypê, Bom Bril, Minuano ou de qualidade semelhante ou superior.",A Contratação é necessária para repor o estoque e manter o funcionamento das atividades ministeriais.,Material de Consumo,432428,"R$ 2,50",Material de Consumo,True,2027,469,,,,,
"Sabão Pó - aplicação lavar roupas, limpeza geral, características adicionais/ingredientes: Tensoativo aniônico, tamponantes, coadjuvantes, sinergista, corantes, enzimas, branqueador óptico, fragrâncias e carga. Contém alquil benzeno sulfonato de sódio. Contém tensoativo biodegradável. Contém ativo biodegradável. Aditivos: Alvejante E Amaciante. Embalagem de 500g.. Marcas de Referências: Ypê, Ala, Minuano ou de qualidade semelhante ou superior.",A Contratação é necessária para repor o estoque e manter o funcionamento das atividades ministeriais.,Material de Consumo,226792,"R$ 3,20",Material de Consumo,True,2027,470,,,,,
"Sabão barra - Composição Básica: Sais + Ácido Graxo, Tipo: Com Alvejante, Características Adicionais: Com Perfume, Peso: 200 G, Formato: Retangular. Embalagem 5,00 unid.",A Contratação é necessária para repor o estoque e manter o funcionamento das atividades ministeriais.,Material de Consumo,311420,"R$ 9,00",Material de Consumo,True,2027,471,,,,,
"Cera líquida, alto brilho, Resistente E Antiestático. Aplicação: Tratamento De Pisos. Para todos os tipos de piso. Embalagem de 5 Litros.",A Contratação é necessária para repor o estoque e manter o funcionamento das atividades ministeriais.,Material de Consumo,456534,"R$ 43,00",Material de Consumo,True,2027,472,,,,,
"Lustrador Móveis Componentes: Cera Microcristalina, Óleo Parafínico, Silicone, A , Aroma: Lavanda , Aplicação: Móveis E Superfícies Lisas , Aspecto Físico: Pastoso. Embalagem descartável, com datas de fabricação e de validade impressas na embalagem, sendo a validade mínima de 12 (doze) meses a partir da data da entrega, frasco de 200 ml. Marcas de referências: Ypê, Peroba, Bravo ou de qualidade semelhante ou superior.",A Contratação é necessária para repor o estoque e manter o funcionamento das atividades ministeriais.,Material de Consumo,226950,"R$ 3,00",Material de Consumo,True,2027,473,,,,,
"Desodorizador Sanitário Composição: Dodecil Benzeno, Sulfonato De Sódio, Coadjuvante E , Essência: Variado , Aspecto Físico: Sólido , Características Adicionais: Suporte Compatível. Caixa com 1 (um) unidade. Marcas de Referências: Glade, Q-odor, Azulim ou Sanol ou de qualidade semelhante ou superior.",A Contratação é necessária para repor o estoque e manter o funcionamento das atividades ministeriais.,Material de Consumo,307796,"R$ 1,20",Material de Consumo,True,2027,474,,,,,
"Balde De Plastico - 15 L Em Plastico De Alta Resistência E Reforçado, Com Capacidade Para 15 Litros, Com Alça E Pegador. Marca De Referência: Sanremo, Plasútil, De Qualidade Igual Ou Superior.",A Contratação é necessária para repor o estoque e manter o funcionamento das atividades ministeriais.,Material de Consumo,216085,"R$ 10,00",Material de Consumo,True,2027,475,,,,,
Borrifador Material: Plástico Aplicação: Acondicionar Solução Reveladora Capacidade: 500 ML Tipo: Spray Contendo Bico Borrifador.,A Contratação é necessária para repor o estoque e manter o funcionamento das atividades ministeriais.,Material de Consumo,272254,"R$ 7,50",Material de Consumo,True,2027,476,,,,,
Frasco de plástico de 500 ml para Sabonete Liquido Com Valvula Pump (Saboneteira).,A Contratação é necessária para repor o estoque e manter o funcionamento das atividades ministeriais.,Material de Consumo,461347,"R$ 4,97",Material de Consumo,True,2027,477,,,,,
"Cesto lixo Material: Plástico, Capacidade: 30 L, Características Adicionais: Pedal E Tampa. Marca De Referência: Sanremo, Plasútil, De Qualidade Igual Ou Superior.",A Contratação é necessária para repor o estoque e manter o funcionamento das atividades ministeriais.,Material de Consumo,320275,"R$ 50,00",Material de Consumo,True,2027,478,,,,,
"Cesto Lixo Material: Plástico , Capacidade: 10 L, Características Adicionais: Telado. Marca De Referência: Sanremo, Plasútil, De Qualidade Igual Ou Superior.",A Contratação é necessária para repor o estoque e manter o funcionamento das atividades ministeriais.,Material de Consumo,289422,"R$ 8,00",Material de Consumo,True,2027,479,,,,,
"Lixeira em aço inox, 20 litros com acionamento por pedal e com balde, com capacidade para 20 litros. Marca De Referência: Tramontina, Brinox, De Qualidade Igual Ou Superior.",A Contratação é necessária para repor o estoque e manter o funcionamento das atividades ministeriais.,Material de Consumo,441215,"R$ 150,00",Material de Consumo,True,2027,480,,,,,
"Alcool Gel Glicerinado Neutro Antisseptico Para Maos, Etanol A 70%, Agentes Hidratantes, Agentes Emoliente, Incolor, Inodoro, Apresentacao Em Frasco Pump Contendo 500 Ml. Embalagem Individual Contendo Dados De Identificacao, Procedencia, Data De Fabricaca.",A Contratação é necessária para repor o estoque e manter o funcionamento das atividades ministeriais.,Material de Consumo,484435,"R$ 5,64",Material de Consumo,True,2027,481,,,,,
"Alcool Etilico Hidratado 46° Inpm, 1 Litro. Apresentação Liquida. Na Embalagem Do Produto Deve Constar A Identificação Do Fabricante, A Marca, O Responsável Técnico E O Registro Ou Notificação No Ministério Da Saúde.",A Contratação é necessária para repor o estoque e manter o funcionamento das atividades ministeriais.,Material de Consumo,269943,"R$ 4,81",Material de Consumo,True,2027,482,,,,,
"Alcool Gel Anti-Séptico Para As Mãos 5 Litros Principio Ativo Etilico 70%, Testado Dermatologicamente. Prazo de Validade de no mínimo de 06 meses contados da data de entrega. Embalagem de 5 Litros.",A Contratação é necessária para repor o estoque e manter o funcionamento das atividades ministeriais.,Material de Consumo,429961,"R$ 34,55",Material de Consumo,True,2027,483,,,,,
"Máscara Cirúrgica Tripla Descartável,C/ Clip Nasal, Filtro Bfe>95% Atóxica, Hipoalérgica 100% Polipropileno, Não Esteril, Não Inflamável, Insento De Fibra De Vidro Sem Latéx, Com Elástico. Caixa C/ 50 Unidade",A Contratação é necessária para repor o estoque e manter o funcionamento das atividades ministeriais.,Material de Consumo,269943,"R$ 10,16",Material de Consumo,True,2027,484,,,,,
"Luva Para Procedimento Não Cirúrgico, Material Látex Natural Íntegro E Uniforme Tamanho Médio Características Adicionais Lubrificada Com Pó Bioabsorvível, Descartável Apresentação Atóxica Tipo Ambidestra Tipo Uso Descartável Modelo Formato Anatômico Finalidade Resistente À Tração. Caixa 100 unidades.",A Contratação é necessária para repor o estoque e manter o funcionamento das atividades ministeriais.,Material de Consumo,485315,"R$ 24,70",Material de Consumo,True,2027,485,,,,,
"Luva De Proteção Material: Nitrílica , Aplicação: Limpeza , Tamanho: Único , Acabamento Palma: Antiderrapante , Características Adicionais: Com Forro , Tipo Uso: Reutilizável",A Contratação é necessária para repor o estoque e manter o funcionamento das atividades ministeriais.,Material de Consumo,269893,"R$ 14,13",Material de Consumo,True,2027,486,,,,,
"Copo descartável - Material: Plástico, Capacidade: 180 ML. Caixa 2500,00 unidades. ABNT NBR 14865:2012. Produto sujeito a verificacao no ato da entrega.",A Contratação é necessária para repor o estoque e manter o funcionamento das atividades ministeriais.,Material de Consumo,450516,"R$ 81,00",Material de Consumo,True,2027,487,,,,,
"Copo Descartável Material: Poliestireno , Capacidade: 50 Ml, Aplicação: Café , Características Adicionais: Atóxico, De Acordo C/ Norma Abnt, Nbr 14865 , Cor: Branco. Caixa 5000,00 unidades. ABNT NBR 14865:2012. Produto sujeito a verificacao no ato da entrega.",A Contratação é necessária para repor o estoque e manter o funcionamento das atividades ministeriais.,Material de Consumo,231948,"R$ 85,00",Material de Consumo,True,2027,488,,,,,
"Limpa Vidro – Aspecto Físico: Líquido. Composição: Lauril Éter, Sulfato de Sódio. Características Adicionais: Pulverizador com Gatilho. Frasco de 500 ml, Validade Mínima 3 Anos.",A Contratação é necessária para repor o estoque e manter o funcionamento das atividades ministeriais.,Material de Consumo,419309,"R$ 12,50",Material de Consumo,True,2027,489,,,,,
"Inseticida Domestico, Aerosol, Composto De Ingredientes Ativos:Imiprotrina 0,07%,Cipermetrina 0,20%, Solvente,Antioxidante,Emulsificante,Veiculo E Propelentes, P/ Controle De Insetos Rasteiros Como:Baratas,Formigas Doceiras,Aranhas E Escorpioes, Aplicacao 360º, Embalado Em Embalagem Apropriada, Produto Sujeito A Verificacao No Ato Da Entrega, Aos Procedimentos Administrativos Determinados Pela Anvisa. Marca De Referência: SBP, Baygon, Raid ou de Qualidade Igual ou Superior.",A Contratação é necessária para repor o estoque e manter o funcionamento das atividades ministeriais.,Material de Consumo,300935,"R$ 8,70",Material de Consumo,True,2027,490,,,,,
"Aromatizador De Ambientes Aerossol - Capacidade: 360Ml/305G; - Fragrância: Lavanda. Marca De Referência:  Bom Ar, Glade ou de Qualidade Igual ou Superior.",A Contratação é necessária para repor o estoque e manter o funcionamento das atividades ministeriais.,Material de Consumo,484679,"R$ 9,60",Material de Consumo,True,2027,491,,,,,
"Limpador Multiuso Instantâneo. Embalagem Frasco Com No Mínimo 500 Ml, Contendo A Marca Do Fabricante E Prazo De Validade. Fragrância Suave.",A Contratação é necessária para repor o estoque e manter o funcionamento das atividades ministeriais.,Material de Consumo,327150,"R$ 3,45",Material de Consumo,True,2027,492,,,,,
Soda Cáustica Em Escamas Embalagem De 01 Kg.,A Contratação é necessária para repor o estoque e manter o funcionamento das atividades ministeriais.,Material de Consumo,296447,"R$ 18,00",Material de Consumo,True,2027,493,,,,,
"Limpa carpete, tapetes e estofados, indicado para remoção de sujeiras de difícil remoção sem danificar o tecido, com leve fragrância. Embalado em frasco plástico de 500ml.",A Contratação é necessária para repor o estoque e manter o funcionamento das atividades ministeriais.,Material de Consumo,296447,"R$ 11,00",Material de Consumo,True,2027,494,,,,,
"Sabonete Líquido Aspecto Físico: Líquido Cremoso Perolado, Aplicação: Assepsia Das Mãos , Características Adicionais: Ph Neutro, Densidade 0,9 A 1,05 G/M3 , Composição: Agentes Emolientes E Hidratantes,Compostos De Sais, fragrancia erva doce, cor verde, produto sujeito a verificacao no ato da entrega, aos procedimentos adm. determinados pela anvisa. Galão 5 Litros.",A Contratação é necessária para repor o estoque e manter o funcionamento das atividades ministeriais.,Material de Consumo,289840,"R$ 14,00",Material de Consumo,True,2027,495,,,,,
"Disco, Limpador, Cor Verde, Cerda Em Fibra Sintetica,Em Mineral Abrasivo E Adesivo Sintetico Resistente A Agua, Medindo 510 Mm De Diametro,25Mm De Espessura,Orificio Central Medindo 85Mm De Diametro, utilizados em máquinas enceradeiras industriais para remoção da sujidade pesada no piso.",A Contratação é necessária para repor o estoque e manter o funcionamento das atividades ministeriais.,Material de Consumo,301134,"R$ 31,60",Material de Consumo,True,2027,496,,,,,
"Rodo Material Cabo: Madeira Com Capa Plástica , Material Suporte: Madeira , Comprimento Suporte: 40 Cm, Quantidade Borrachas: 2 Un, Características Adicionais: Cabo 1,40 M.",A Contratação é necessária para repor o estoque e manter o funcionamento das atividades ministeriais.,Material de Consumo,467158,"R$ 8,80",Material de Consumo,True,2027,497,,,,,
"Rodo Limpa Vidros (Telescópico, Cabo Extensor 3,10 Metros Para Vidros E Janelas, Com Cabo Fechado, Reduz Ao Tamanho E 1,25M)",A Contratação é necessária para repor o estoque e manter o funcionamento das atividades ministeriais.,Material de Consumo,428071,"R$ 115,00",Material de Consumo,True,2027,498,,,,,
"Pá Coletora Lixo, Material Coletor Zinco Galvanizado Material Cabo Madeira Comprimento Cabo 90 Cm Comprimento 21 Cm Largura 19 Cm Aplicação Limpeza.",A Contratação é necessária para repor o estoque e manter o funcionamento das atividades ministeriais.,Material de Consumo,465379,"R$ 7,50",Material de Consumo,True,2027,499,,,,,
"Vassoura Nylon Multiuso Para Limpeza De Pisos Diversos, Corredores E Pátios Em Geral. Cerdas Sintéticas Médias Macias De Nylon Luxo Firme E Comprimento Mínimo (Saliente) De 11Cm, Espessura Média De 0,8Mm, Base Em Polipropileno, Dispostas Em No Mínimo De 4 Carreiras De Tufos Justapostos, Homogêneos, De Modo A Preencher Toda A Base, A Fixação No Cabo Com Sistema De Rosca, Cabo De Madeira Revestido De Plástico E/Ou Alumínio, Medindo 120 Cm. De Boa Qualidade. Dimensões: 4 X 31 X 20.5 Cm; 275 G.",A Contratação é necessária para repor o estoque e manter o funcionamento das atividades ministeriais.,Material de Consumo,238644,"R$ 9,50",Material de Consumo,True,2027,500,,,,,
"Escova Limpeza Geral, Material Corpo Plástico Material Cerdas Náilon Características Adicionais Formato Arredondado Aplicação Vaso Sanitário.",A Contratação é necessária para repor o estoque e manter o funcionamento das atividades ministeriais.,Material de Consumo,472872,"R$ 5,20",Material de Consumo,True,2027,501,,,,,
"Escova Multiuso Oval, Produzida Em Plástico Resistente Com Cerdas Sintéticas, Medindo Aproximadamente 13 Cm De Comprimento, Com 7 Cm De Largura E 5 Cm De Altura.",A Contratação é necessária para repor o estoque e manter o funcionamento das atividades ministeriais.,Material de Consumo,477057,"R$ 6,10",Material de Consumo,True,2027,502,,,,,
"Esponja Limpeza Material: Espuma / Fibra Sintética , Formato: Retangular , Aplicação: Limpeza Geral , Características Adicionais: Dupla Face , Comprimento Mínimo: 100 Mm, Largura Mínima: 70 Mm, Espessura Mínima: 20 MM",A Contratação é necessária para repor o estoque e manter o funcionamento das atividades ministeriais.,Material de Consumo,234645,"R$ 0,85",Material de Consumo,True,2027,503,,,,,
"Esponja Limpeza Material: Lã De Aço Carbono , Formato: Retangular , Aplicação: Utensílios E Limpeza Em Geral , Características Adicionais: Textura Macia E Isenta De Sinais De Oxidação , Comprimento Mínimo: 90 Mm, Largura Mínima: 40 Mm, Peso Líquido Mínimo: 42G / 8Un.",A Contratação é necessária para repor o estoque e manter o funcionamento das atividades ministeriais.,Material de Consumo,229929,"R$ 1,50",Material de Consumo,True,2027,504,,,,,
"Pano Limpeza Material: 100% Algodão , Comprimento: 80 Cm, Largura: 50 Cm, Características Adicionais: Alvejado. Produto de qualidade com fios que não sejam distantes fazendo com o que o produto seja transparente, ou seja, não devem existir espaços entre os fios.",A Contratação é necessária para repor o estoque e manter o funcionamento das atividades ministeriais.,Material de Consumo,337490,"R$ 4,50",Material de Consumo,True,2027,505,,,,,
"Pano Prato, Material Algodão Alvejado Comprimento 71 Cm Largura 48 Cm Cor Branca Características Adicionais Absorvente/Lavável E Durável.",A Contratação é necessária para repor o estoque e manter o funcionamento das atividades ministeriais.,Material de Consumo,331870,"R$ 4,60",Material de Consumo,True,2027,506,,,,,
"Flanela, Medindo 40X60cm. Tecido Com Acabamento Flanelado Em Ambos Os Lados, Usada Como Pano Para Limpeza, Para Evitar Riscar Ou Arranhar O Objeto A Ser Limpo. Composição: 100% Algodão. De Boa Qualidade. COR BRANCA.",A Contratação é necessária para repor o estoque e manter o funcionamento das atividades ministeriais.,Material de Consumo,312293,"R$ 1,99",Material de Consumo,True,2027,507,,,,,
"Saco De Lixo P/Uso Domestico, De Polietileno, Reforcado, Fundo Reto, Com Capacidade De 15 Litros, Medindo (39 X 58) Cm (L X A), Preto, E Suas Condicoes Deverao Estar De Acordo Com A Nbr 9191:2008 E Alteracoes Posteriores. Suportando Peso Até 3Kg, (Não Reciclado) Impermeável, Com Ausência De Furos, Rasgos Ou Ranhuras – COR PRETO. Pacote 100 unidades.",A Contratação é necessária para repor o estoque e manter o funcionamento das atividades ministeriais.,Material de Consumo,225905,"R$ 6,00",Material de Consumo,True,2027,508,,,,,
"Saco De Lixo P/Uso Domestico, De Polietileno, Reforcado, Com Capacidade De 100 Litros, Medindo (75 X 105)Cm (L X A), E Suas Condicoes Deverao Estar De Acordo Com A Nbr 9191:2008 E Alteracoes Posteriores. COR PRETO. Pacote 100 unidades.",A Contratação é necessária para repor o estoque e manter o funcionamento das atividades ministeriais.,Material de Consumo,252531,"R$ 16,00",Material de Consumo,True,2027,509,,,,,
"Saco De Lixo P/Uso Domestico, De Polietileno, Com Capacidade De 30 Litros, Medindo (59 X 62)Cm (L X A), Suportando 6 Kg, E Suas Condicoes Deverao Estar De Acordo Com A Nbr 9191:2008 E Alteracoes Posteriores. COR PRETO. Pacote 100 unid.",A Contratação é necessária para repor o estoque e manter o funcionamento das atividades ministeriais.,Material de Consumo,352424,"R$ 7,00",Material de Consumo,True,2027,510,,,,,
"Saco De Lixo P/Uso Domestico, De Polietileno, Reforcado, Fundo Reto, Com Capacidade De 50 Litros, Medindo (63 X 80)Cm (L X A), Preto, E Suas Condicoes Deverao Estar De Acordo Com A Nbr 9191:2008 E Alteracoes Posteriores. COR PRETO. Pacote 100 unid.",A Contratação é necessária para repor o estoque e manter o funcionamento das atividades ministeriais.,Material de Consumo,418506,"R$ 10,00",Material de Consumo,True,2027,511,,,,,
"Papel higienico 30 metros, Classe 01, folha dupla, cor branca, fardo com 64 rolos embalados em pacotes com 4 rolos. Ou seja, Cada fardo deve possuir 16 pacotes com 4 rolos de 30 metros",A Contratação é necessária para repor o estoque e manter o funcionamento das atividades ministeriais.,Material de Consumo,238550,"R$ 88,95",Material de Consumo,True,2027,512,,,,,
"Papel Higiênico Rolão Medindo 300M X 0,10Cm; Embalagens Com 8 unid.",A Contratação é necessária para repor o estoque e manter o funcionamento das atividades ministeriais.,Material de Consumo,253727,"R$ 32,99",Material de Consumo,True,2027,513,,,,,
"Toalha De Papel - Material: Papel, Tipo Folha: 2 Dobras, Comprimento: 21,50 Cm, Largura: 22 A 25 Cm, Cor: Branca, Características Adicionais: Interfolhada, Aplicação: Higiene Pessoal. Acondicionado Em Pacote De 1.000 Fol, Tipo Folha: 2 Dobras. Pacote 1.000 unid.",A Contratação é necessária para repor o estoque e manter o funcionamento das atividades ministeriais.,Material de Consumo,253730,"R$ 8,99",Material de Consumo,True,2027,514,,,,,
"Guardanapo De Papel Material: Celulose , Largura: 24 Cm, Comprimento: 24 Cm, Cor: Branca , Tipo Folhas: Dupla , Características Adicionais: Extra Macio, pacotes com no mínimo 50 unid.",A Contratação é necessária para repor o estoque e manter o funcionamento das atividades ministeriais.,Material de Consumo,253728,"R$ 4,40",Material de Consumo,True,2027,515,,,,,
Treinamento e certificação: Pentest Profissional + Pentest Experience V2 + voucher para o exame DCPT,"Treinamento especializado em testes de segurança de sistemas, através da técnica de testes de penetração",Treinamento - Qualificação Profissional ,253729,"R$ 2.997,00",Treinamento - Qualificação Profissional ,True,2027,516,,,,,
Switches Fiber Channel ,"Para conectar os equipamentos servidores, appliances de backup e storages no datacenter da sede centro",Material Permanente,443004,"R$ 40.000,00",Material Permanente,True,2027,517,,,,,
IMacs,Atualizar os equipamentos dos desenvolvedores de sistemas da CTI,Material Permanente,481231,"R$ 20.980,00",Material Permanente,True,2027,518,,,,,
Firewall por 36 meses (Sede MPPI unidade Centro e Sede dos Grupos),Solução de Firewall em cluser para substituição dos equipamentos da sede do MPPI centro e GAECO,Software,403521,"R$ 1.553.207,77",Software,True,2027,519,,,,,
"Ata de Manutenção Predial - Lote II - Parnaiba, Piripiri, Barras, Pedro II, Esperantina, Luis Correia, buriti dos Lopes, Cocal, Piracuruca, Luzilândia, Matias Olimpio, Porto, Capitão de Campos, Joaquim Pires, N Sra dos Remedios.",A Contratação de empresa especializada em conversação e manutenção de edificações é justificada pela necessidade imprescindível de preservação e conservação dos prédios sedes do Ministério Público do Estado do Piauí em cidades do interior.,Serviço de Engenharia,1627,"R$ 133.320,00",Serviço de Engenharia,True,2027,520,,,,,
"Ata de Manutenção Predial - Lote III - Campo Maior, União, Batalha, Alto Longá, Valença, Pimenteiras, Regeneração, Altos, Barro Duro, José de Freitas, Inhuma, Água Branca, Amarante, Beneditinos, Castelo do Piauí, Demerval Lobão, Elesbão Veloso, Miguel Alves, Palmeirais, Regeneração, São Pedro do Piauí, Angical do Piauí, Aroazes, Arraial, Francinópolis, Ipiranga do Piaui, Monsenhor Gil, São Feliz do Piaui, São Gonçalo do Piaui.","A Contratação de empresa especializada em conversação e manutenção de edificações é justificada pela necessidade imprescindível de preservação e conservação dos prédios sedes do Ministério Público do Estado do Piauí em cidades do interior, bem como atender  s demandas de manutenções, e realização de serviços preventivos e corretivos para melhor solucionar as necessidades dos servidores e membros. Justifica-se, ainda, em razão de o Ministério Público não dispor, no seu quadro de pessoal, de força de trabalho especializada, treinada e  ualificada para a prestação desses serviços.",Serviço de Engenharia,1627,"R$ 266.640,00",Serviço de Engenharia,True,2027,521,,,,,
GPUS (Placas de video) com 80 GB ou superior,Implementação de ferramentas de IA,Material Permanente,14805,"R$ 190.000,00",Material Permanente,True,2027,522,,,,,
Treinamento CCO/CCPA,Treinamento para certificação Cellebrite,Serviço,21172,"R$ 53.386,20",Serviço,True,2027,523,,,,,
1 Clearview Professional ,Núcleos de Inteligência e Operacional,Software,27502,"R$ 192.500,00",Software,True,2027,524,,,,,
"Serviço de Agente de Limpeza Institucional, com dedicação exclusiva de mão de obra",A renovação faz-se necessária para manutenção dos serviços de limpeza e conservação nas sedes do MPPI em todo o estado do Piauí.,Serviço Tercerizado,30185,"R$ 1.900.000,00",Serviço Tercerizado,True,2027,525,,,,,
"Curso para qualificação profissional- contratação direta, dispensa e inexigibilidade com utilização de IA","Os cursos de capacitações visam atender às necessidades dos servidores da coordenadoria de licitações e contratos, na área de governança das contratações, gestão e fiscalização de contratos, compras por licitação e por dispensa, utilização da plataforma comprasgov, área jurídica direcionada aos pareceristas, bem como outras áreas que tenha relação com a lei 14.133/2021.",Treinamento - Qualificação Profissional ,21172,"R$ 2.850,00",Treinamento - Qualificação Profissional ,True,2027,526,,,,,
"Curso para qualificação profissional- curso na área de sanção por descumprimento contratual, orientação ao parecerista em licitações ou outra matéria relacionada a lei 14.133/2021.","Os cursos de capacitações visam atender às necessidades dos servidores da coordenadoria de licitações e contratos, na área de governança das contratações, gestão e fiscalização de contratos, compras por licitação e por dispensa, utilização da plataforma comprasgov, área jurídica direcionada aos pareceristas, bem como outras áreas que tenha relação com a lei 14.133/2021.",Treinamento - Qualificação Profissional ,21172,"R$ 2.850,00",Treinamento - Qualificação Profissional ,True,2027,527,,,,,
"Curso para qualificação profissional- licitações, formação e atualização de pregoeiro.","Os cursos de capacitações visam atender às necessidades dos servidores da coordenadoria de licitações e contratos, na área de governança das contratações, gestão e fiscalização de contratos, compras por licitação e por dispensa, utilização da plataforma comprasgov, área jurídica direcionada aos pareceristas, bem como outras áreas que tenha relação com a lei 14.133/2021.",Treinamento - Qualificação Profissional ,21172,"R$ 2.850,00",Treinamento - Qualificação Profissional ,True,2027,528,,,,,
Curso de gestão e fiscalização de contratos,"Os cursos de capacitações visam atender às necessidades dos servidores da coordenadoria de licitações e contratos, na área de governança das contratações, gestão e fiscalização de contratos, compras por licitação e por dispensa, utilização da plataforma comprasgov, área jurídica direcionada aos pareceristas, bem como outras áreas que tenha relação com a lei 14.133/2021.",Treinamento - Qualificação Profissional ,21172,"R$ 2.850,00",Treinamento - Qualificação Profissional ,True,2027,529,,,,,
Curso sobre a nova lei de licitações e contratos para pareceristas,"Os cursos de capacitações visam atender às necessidades dos servidores da coordenadoria de licitações e contratos, na área de governança das contratações, gestão e fiscalização de contratos, compras por licitação e por dispensa, utilização da plataforma comprasgov, área jurídica direcionada aos pareceristas, bem como outras áreas que tenha relação com a lei 14.133/2021.",Treinamento - Qualificação Profissional ,21172,"R$ 2.850,00",Treinamento - Qualificação Profissional ,True,2027,530,,,,,
Curso na sobre a lei de licitações e contratos - Congresso sobre a lei 14.133/2021 - pregões week,"Os cursos de capacitações visam atender às necessidades dos servidores da coordenadoria de licitações e contratos, na área de governança das contratações, gestão e fiscalização de contratos, compras por licitação e por dispensa, utilização da plataforma comprasgov, área jurídica direcionada aos pareceristas, bem como outras áreas que tenha relação com a lei 14.133/2021.",Treinamento - Qualificação Profissional ,21172,"R$ 2.850,00",Treinamento - Qualificação Profissional ,True,2027,531,,,,,
"Ata de Manutenção Predial - Lote IV - Floriano, Oeiras, Picos, Corrente, Paulistana, Bom Jesus, Urucui, São Raimundo Nonato, Fronteiras, Avelino Lopes, Canto do Buriti, Cristino Castro, Gilbueis, Guadalupe, Itainopolis, Itaueira, Jaicos, Jerumenha, Padre Marcos, Pio IX, São Miguel do Tapuio Simões, Simplicio Mendes, Anisio de Abreu, Antonio  Almeida, Bertolinea, Bocaina, Campinas do Piaui, Caracol, Conceição do Canindé, Cristalândia.",A Contratação de empresa especializada em conversação e manutenção de edificações é justificada pela necessidade imprescindível de preservação e conservação dos prédios sedes do Ministério Público do Estado do Piauí em cidades do interior.,Serviço de Engenharia,1627,"R$ 399.960,00",Serviço de Engenharia,True,2027,532,,,,,
"Aquisição, Instalação e Manutenção de cercas elétricas nas Sedes de Promotorias de Justiça do interior do Estado.",Instalação de cercas elétricas ou concertinas em todo muro da Sede,Serviço de Engenharia,16675,"R$ 100.000,00",Serviço de Engenharia,True,2027,533,,,,,
Ampliação da sede das PJ de Capitão de Campos,Necessidade de construção de sede para abrigar toda a estrutura do MPPI na cidade de Altos.,Obra,4545,#NOME?,Obra,True,2027,534,,,,,
Ampliação da sede das PJ de Gilbués,Necessidade de construção de sede para abrigar toda a estrutura do MPPI na cidade de Altos.,Obra,4545,"R$ 108.424,21",Obra,True,2027,535,,,,,
Obras Civis Construção: Construção da nova sede do MPPI em Demerval Lobão,Necessidade de construção de sede para abrigar toda a estrutura do MPPI na cidade de Altos.,Obra,4545,"R$ 2.000.000,00",Obra,True,2027,537,,,,,
Serviço de modernização elevador PGJ,Necessidade de manutenção dos equipamentos em funcionamento e isento de causarem possíveis acidentes ,Serviço de Engenharia,16705,"R$ 195.000,00",Serviço de Engenharia,True,2027,538,,,,,
Locação de Imóvel para a PJ de Regeneração -PI,Atender ás demandas de locação do MPPI,Serviço,22721,"R$ 13.172,55",Serviço,True,2027,539,,,,,
Suporte de Serviço - SERVICE DESK (CENTRAL DE SERVIÇOS),"Atender as demandas do MPPI com atendimento de suporte a membros e servidores, como instalação de equipamentos, softwares etc.",Serviço de TI,5398,"R$ 1.668.028,00",Serviço de TI,True,2027,541,,,,,
Fornecimento de coquetéis e outras refeições festivas,"Fornecimento de alimentação para convidados durante ocasiões festivas e outras de cunho institucional (solenidades, capacitações, eventos internos comemorativos).",Material de Consumo,12807,"R$ 113.460,00",Material de Consumo,True,2027,542,,,,,
Serviço Topográficos e de Sondagem,Necessidade de manutenção  dos transformadores de energia elétrica ,Serviço de Engenharia,965,"R$ 9.056,25",Serviço de Engenharia,True,2027,543,,,,,
Aquisição de testes psicológicos que atendam às necessidades do Ministério Público do Estado do Piauí,"A contratação de testes psicológicos justifica-se pela necessidade de garantir que os psicólogos integrantes do quadro do Ministério Público do Estado do Piauí possuam os instrumentos necessários para a realização de avaliações psicológicas destinadas a verificar a aptidão de membros desta instituição para o manuseio de arma de fogo, em conformidade com os protocolos técnicos e normativos vigentes.",Material de Consumo,12698,"R$ 0,00",Material de Consumo,True,2027,544,,,,,
Coordenação e Execução das Aulas de Canto ,"Necessidade de manter profissional com expertise em maestria, canto e outros, para conduzir os trabalhos do coral do MPPI",Serviço,15830,"R$ 24.000,00",Serviço,True,2027,545,,,,,
Sistema Web de Gestão Tributária,Necessidade de manter a ferramenta para atualização dos servidores da Coordenadoria de Cntabilidade e Finanças.,Software,26069,"R$ 13.000,00",Software,True,2027,546,,,,,
"Plataforma Alura, de Ensino à Distância - EAD",Disponibilização de plataforma EAD para capacitação dos servidores lotados na CTI,Serviço de TI,021172,"R$ 1.580,00",Serviço de TI,True,2027,547,,,,,
Serviços Gerenciados de Computação em Nuvem - Ready Tecnologia,Necessidade de Armazenamento e Expansão de Dados em Nuvem ,Serviço de TI,1311,"R$ 5.500.000,00",Serviço de TI,True,2027,548,,,,,
Prestação de Serviço de Coleta de Lixo do MP-PI em Teresina,A renovação é fundamental para  manutenção da coleta do lixo produzido nas sedes do MPPI na capital ,Serviço,14265,"R$ 20.266,50",Serviço,True,2027,549,,,,,
Prestação de Serviço de Interpretação Simultânea em Libras,"Necessidade de manter intérprete de libras para traduzir a linguagem oral falada em sinais de libras, eventos do MPPI",Serviço,3891,"R$ 30.000,00",Serviço,True,2027,550,,,,,
Serviço de Acesso a Plataforma Jurídica de Pesquisa Online Jus Brasil Pro ,"Necessidade de realizar pesquisa em plataforma de forma rápida, fácil e completa em local que forneça informações sobre jurisprudências, com modelos prontos para serem adaptados",Software,19259,"R$ 95.000,00",Software,True,2027,551,,,,,
Manutenção Preventiva e Corretiva de Elevadores,Necessidade de manutenção dos equipamentos em funcionamento e isento de causarem possíveis acidentes ,Serviço de Engenharia,3557,"R$ 102.967,93",Serviço de Engenharia,True,2027,552,,,,,
"Solução para Contornar e Identificar Bloqueios, Extração, Processamento e Analise de Dados (substituído por novo processo para desbloqueio de 100 aparelhos)",Necessidade de Aquisião de Equipamentos e Sistemas  para manter a Segurança Contra Invasão ,Serviço de TI,428910,"R$ 363.616,32",Serviço de TI,True,2027,553,,,,,
" Serviço de Manutenção Preventiva e Corretiva, com Fornecimento de Peças, de Aparelhos de Ar-Condicionado, tipo split, bebedouro, purificador de água, frigobar, geladeira, recarga de gás para split, geladeira, frigobar e bebedouro, bem como para a instalação, desinstalação e substituição de aparelhos de ar condicionados", Necessidade de manter os aparelhos e equipamentos em perfeito funcionamento e rendimento para manter os ambientes deste órgão refrigerados.,Serviço,3492,"R$ 65.000,00",Serviço,True,2027,554,,,,,
Serviços Continuados de Auxiliar Administrativo - União,A renovação é importante para o desenvolvimento de atividade auxuliares de contratados administrativos terceirizados,Serviço Tercerizado,25631,"R$ 43.247,16",Serviço Tercerizado,True,2027,555,,,,,
Manutenção Corretiva da plataforma elevatória da sede das Promotorias de Justiça de Floriano e Oeiras,"O elevador está parado, sem uso há mais de 1 ano, sem manutenção há mais de 4 anos; plataforma no último uso parou com uma pessoa dentro; sem empresa local ou na região para realizar o conserto",Serviço de Engenharia,3557,"R$ 31.860,00",Serviço de Engenharia,True,2027,556,,,,,
Contratação de locação de imóvel para abrigar a Promotoria de Justiça de Piracuruca,Necessidade de locação de prédio para abrigar toda a estrutura do MPPI na cidade de Piracuruca,Serviço,22721,"R$ 27.000,00",Serviço,True,2027,557,,,,,
"Serviço de Manutenção Preventiva e Corretiva, com Fornecimento de Peças, de Aparelhos de Ar-Condicionado, tipo split, bebedouro, purificador de água, frigobar, geladeira, recarga de gás para split, geladeira, frigobar e bebedouro, bem como para a instalação, desinstalação e substituição de aparelhos de ar condicionados",Necessidade de manter os aparelhos e equipamentos em perfeito funcionamento e rendimento para manter os ambientes deste órgão refrigerados.,Serviço,3492,"R$ 125.770,00",Serviço,True,2027,558,,,,,
Fornecimento de Água Tratada e tratamento de Esgoto - SAAE OEIRAS,Necessidade de manutenção do fornecimento de água para as sedes do MPPI,Serviço,2284,"R$ 2.000,00",Serviço,True,2027,559,,,,,
Fornecimento de Água Tratada e Tratamento de Esgoto - SAAE CAMPO MAIOR,Necessidade de manutenção do fornecimento de água para as sedes do MPPI,Serviço,2284,"R$ 1.000,00",Serviço,True,2027,560,,,,,
Fornecimento de Água Tratada e Tratamento de Esgoto Sanitário - Águas de Teresina,Necessidade de manutenção do fornecimento de água para as sedes do MPPI,Serviço,2284,"R$ 160.000,00",Serviço,True,2027,561,,,,,
Prestação de Serviço de Telefonia Móvel Pessoal e Serviços de Dados,Necessidade de manter empresa para fornecimento de linhas de telefone para a comunicação entre membros e servidores seja eficiente e contínua.,Serviço,1412,"R$ 25.322,64",Serviço,True,2027,562,,,,,
Prestação de Serviço Terceirizado de Assistente Social e Pedagogo e Psicólogo para atender projetos NAVI,O Contrato fundamental para manutenção das condições de execução de convênio com MJ e PGJ,Serviço,823010,"R$ 768.117,36",Serviço,True,2027,564,,,,,
Serviço de Recarga de Extintores de Incêndio,"A  renovação é necessária para manutenção dos equipamentos de combate a incêndio, visando minimizar danos em caso de possíveis focos de incêndio",Serviço,3662,"R$ 18.000,00",Serviço,True,2027,565,,,,,
Serviço de Monitoramento e Rastreamento dos Veículos do MPPI,Serviço necessária para manutenção da locação e rastreamento dos veiculos de propriedades da PGJ,Serviço,25410,"R$ 20,00",Serviço,True,2027,568,,,,,
Serviço de Monitoramento e Rastreamento dos Veículos do MPPI,Serviço necessária para manutenção da locação e rastreamento dos veiculos de propriedades do FPDC,Serviço,25410,"R$ 20,00",Serviço,True,,,,,,,
"Serviços continuados de Auxiliar Administrativo, Agente de Limpeza, Auxiliar de Serviços Gerais, Bombeiro Hidráulico, Carregador de Volumes, Copeiragem, Eletricista, Garçonaria, Motorista Categoria A (motoboy), Motorista Categoria B (condução de veículo leve), Motorista Categoria D (condução de veículo pesado), Office Boy, Operador de Som e Imagem, Recepcionista, Recepcionista Bilíngue e Telefonista.",Necessideade de manter os serviços de terceirização de mão de obra para auxilixar membros e servidores do MPPI em serviços não essenciais ao Órgão.,Serviço,8512,"R$ 3.500.000,00",Serviço,True,,,,,,,
Serviço de Telefonia fixa Comutada,"A renovação do contrato é necessária para manter a comunicação interna e externa entre membros e servidores e com o publico em geral, bem como com outras instituições.",Serviço,21873,"R$ 397.063,24",Serviço,True,,,,,,,
"Serviço de Agenciamento de Viagens, Especializada em Emissão de Passagens Aéreas Nacionais, Compreendendo Serviços de Reservas, Marcação, Cancelamento, Remarcação e Emissão ",Necessidade de manter empresa para gerenciar e emitri passagens para membros e servidores deste MPPI,Serviço,25828,"R$ 800.000,00",Serviço,True,,,,,,,
Fábrica de Software,Desenvolver soluções de software para atender tanto área finalística quanto área meio através de programação de sistemas conforme requisitos,Serviço de TI,25984,"R$ 1.070.000,00",Serviço de TI,True,,,,,,,
Contratação de produtos e serviços por meio de pacote de Serviço dos correios,Necessidade de manutenção de contratos de entrega de correspondência e outros documentos produzidos pelo MPPI,Serviço,3263,"R$ 120.000,00",Serviço,True,,,,,,,
Fornecimento de Assinaturas Digital ICP-Brasil - BRY TECNOLOGIA,Necessidade de Aquisição de Certificados para Membros e Servidores deste Parquet,Serviço de TI,27251,"R$ 0,08",Serviço de TI,True,,,,,,,
Prestação de Serviços Gráficos,"Necessidade manter empresa contratada para prestação de serviços de produção de folder, baner e outros iompressos",Serviço,18422,"R$ 250.000,00",Serviço,True,,,,,,,
Publicação de editais e outros em jornal de grande circulação,Necessidade de divulgação de avisos de editais e outros em veículo de comunicação amplo no âmbito do estado do Piauí,Serviço,10049,"R$ 194,00",Serviço,True,,,,,,,
Locação de Imóvel para a PJ de  Amarante - PI,Atender ás demandas de locação do MPPI,Serviço,22721,"R$ 15.000,00",Serviço,True,,,,,,,
"Serviços de gerenciamento e pagamento da folha de pagamento de membros, servidores e estagiários  do MPPI",Necessidade de manter instituição financeira para gernciamento da folha de pagamento do MPPI,Serviço,1811,"R$ 0,00",Serviço,True,,,,,,,
Serviços de arrecadação de taxas e emolumentos cartorários pelo BRADESCO - FMMPPI,Necessidade realização de seerviços de arrecadação e gerenciamento de taxasa e emolumentos cartorários e outras taxas,Serviço,1811,"R$ 1.358,80",Serviço,True,,,,,,,
Serviços de arrecadação de taxas e emolumentos cartorários pelo BRADESCO - FPROCON,Necessidade realização de seerviços de arrecadação e gerenciamento de taxasa e emolumentos cartorários e outras taxas,Serviço,1811,"R$ 5.000,00",Serviço,True,,,,,,,
Gerenciamento do duodécimo e cartão corporativo da PGJ pelo Banco do Brasil,Necessidade de manter instituição financeira contrata para gerenciar os recurso de duodécimop da PGJ,Serviço,1811,"R$ 1.000,00",Serviço,True,,,,,,,
Locação de Imóvel para a PJ de Marcos Parente - PI,Atender ás demandas de locação do MPPI,Serviço,22721,"R$ 29.610,00",Serviço,True,,,,,,,
Locação de Imóvel na Zona Leste de Teresina ,Atender ás demandas de locação do MPPI,Serviço,22721,"R$ 1.300.000,00",Serviço,True,,,,,,,
Link de Internet com dupla abordagem,Permitir a conectividade via internet para toda instituição,Serviço de TI,26506,"R$ 234.000,00",Serviço de TI,True,,,,,,,
Curso para qualificação,Necessidade de manter a equipe da Controladoria Interna capacitada e atualizada com todas as demandas deste Parquet,Serviço,21172,#NOME?,Serviço,True,,,,,,,
Curso para qualificação,Necessidade manter as equipes administrativas treinadas e alinhadas com as ações do MPPI,Treinamento - Qualificação Profissional ,21172,#NOME?,Treinamento - Qualificação Profissional ,True,,,,,,,
Aquisição de tapetes em capacho,Aquisição de tapetes em capacho é necessária para manter a limpeza na entrada das sedes e visual de forma padronizada as unidades do MPPI.,Material de Consumo,15865,"R$ 460,00",Material de Consumo,True,,,,,,,
" Serviços de manutenção preventiva e corretiva, com o fornecimento de peças, para 2 (dois) motores-geradores de energia elétrica ","Contratação de empresa especializada para prestação de serviços de manutenção preventiva e corretiva, com o fornecimento de peças, para 2 (dois) motores-geradores de energia elétrica do MPPI localizados nas Ruas Álvaro Mendes, 2294 – Centro e Lindolfo Monteiro, 911 - Fátima, Teresina-PI. ",Serviço,8715,"R$ 116.604,04",Serviço,True,,,,,,,
Ribbon de resina,Necessidade de atender a demanda da divisão de material permanente para emplaquetar os materiais.,Material de Consumo,7590,"R$ 35,00",Material de Consumo,True,,,,,,,
Plaquetas em poliester (etiqueta adesiva),Necessidade de atender a demanda da divisão de material permanente para emplaquetar os materiais.,Material de Consumo,21,"R$ 20,00",Material de Consumo,True,,,,,,,
"Locação de Equipamento de Controle de Acesso Pessoal, sedes Leste e Centro em Teresina-PI",Necessidade de controle de acesso de pessoas aos edificios sedes do MP-PI,Serviço,27430,"R$ 63.000,00",Serviço,True,,,,,,,
Locação de  Imóvel para a PJ de Altos - PI,Atender ás demandas de locação do MPPI,Serviço,22721,"R$ 105.000,00",Serviço,True,,,,,,,
Marcenaria para móveis planejados,Atendimento das necessidades específicas de móveis planejados onde os móveis padronizados não atendem às necessidades do órgão.,Serviço,16551,"R$ 50.000,00",Serviço,True,,,,,,,
Soluçao de Tecnologia e Comunicação de Licenças do Software Microsoft Power Bi Premium per User (CFQ7TTC0HL8W-0001) POR 12 MESES.,"Necessidade de software para geração de painéis, gráficos e outros para otimizar a leitura de dados",Serviço de TI,27502,"R$ 1.543,08",Serviço de TI,True,,,,,,,
Locação de Imóvel para a PJ de José de Freitas - PI,Atender ás demandas de locação do MPPI,Serviço,22721,"R$ 35.014,00",Serviço,True,,,,,,,
"Manutenção Preventiva e Corretiva com Fornecimento de Peças dos Aparelhos de Ar- Condiconador Tipo split, Bebedouro, Purificador de  Água, Frigobar, Geladeira, Bem como recarga de Gás para o MP-PI ",Necessidade de manter os aparelhos e equipamentos em perfeito funcionamento e rendimento para manter os ambientes deste órgão refrigerados.,Serviço,3492,"R$ 170.000,66",Serviço,True,,,,,,,
Licença de base do SERPRO para integração ao OMNIS,Necessidade para manter as bases de cadastros da empresas e pessoa física atualizzados.,Software,24333,"R$ 85.941,42",Software,True,,,,,,,
Serviço de Fornecimento de Link de Acesso á Internet e Comunicação de Dados,Necessidade de Manutenção de Link de Acesso a Conectividade á Rede de Internet,Serviço de TI,21172,"R$ 32.490,47",Serviço de TI,True,,,,,,,
Aquisição de pick-up,Necessidade de transporte de servidores e membros,Material Permanente,14419,"R$ 231.990,00",Material Permanente,True,,,,,,,
"Contratação de empresa para prestação de serviços especializados de planejamento, organização e realização de concurso público de provas, para provimento de cargos de analista ministerial, de nível superior, e de técnico ministerial, de nível médio, do quadro de servidores do Ministério Público do Estado do Piauí.",Planejamento e organização de concurso público,Serviço,10014,"R$ 1.300.000,00",Serviço,True,,,,,,,
 Caseboard professional,Software para busca de dados em diversas fontes.,Software,27502,"R$ 0,00",Software,True,,,,,,,
Serviços de Clipping Jornalístico,Necessidade de manter a comunicação social do MPPI informada de notícias relativas a este Parquet,Serviço,10219,"R$ 1.955,25",Serviço,True,,,,,,,
"Manutenção em placas de enegia renovável, sede do MPPI, Teresina",Necessidade manutenção de em placas fotovoltaica instaladas na sede centro do MPPI em Teresina-PI,Serviço,6783,"R$ 0,00",Serviço,True,,,,,,,
Falcon Sistemas,"Necessidade de aquisição de solução de software, software como serviço (SaaS) ",Software,26166,"R$ 0,00",Software,True,,,,,,,
Serviços sem dedicação exclusiva de mão de obra de empresa técnica especializada capaz de suprir a necessidade de uma solução integrada para o laboratório móvel do PROCON/MP-PI,"Necessidade de mater empresa para fazer guarda, fornecimento e análise de materiais de amostra apreendidos pelo PROCN",Serviço Tercerizado,14206,"R$ 259.000,00",Serviço Tercerizado,True,,,,,,,
SOLUÇÃO DE COMUNICAÇÃO PARA INTERLIGAÇÃO DA SEDE DO MPPI  COM AS DEMAIS UNIDADES ATRAVÉS DE SERVIÇO DE TECNOLOGIA DA INFORMAÇÃ QUE PERMITE O TRÁFEGO DE INFORMAÇÃO - REDE MPLS,"Necessidade de manter links de internet em todo o MPPI, para que a comunicação de dados possa fluir de forma rápida entre este Parquet e a sociedade",Serviço de TI,26549,"R$ 1.736.634,02",Serviço de TI,True,,,,,,,
Gestão e Controle de Contas de Usuários Privilegiados(PAM- PRIVILEGED ACCESS MANAGEMENT),Necessidade manter o controle de acessos às contas de usuários do MPPI,Serviço de TI,00,"R$ 0,00",Serviço de TI,True,,,,,,,
Contratação de serviços de fornecimento de água tratada e coleta de esgoto sanitário para os imóveis sedes do Ministério Público do Estado do Piauí localizadas no interior do Estado - ÁGUAS DO PIAUÍ,Necessidade de manutenção do contrato de serviço de fornecimento regular de água tratada e coleta de esgoto sanitário.,Serviço,22845,"R$ 0,00",Serviço,True,,,,,,,
Serviços Securitários para os Veículos Pertencentes a Frota Propria  da PGJ,renovação e fundamental para a manutenção de seguro dos veículos da PGJ em caso de possíveis sinistros,Serviço,2276,"R$ 0,00",Serviço,True,,,,,,,
Aquisição de Certificados Digitais ,Garantir a proteção e a integridade das comunicações entre os usuários e os serviços hospedados nos domínios e subdomínios do MPPI,Serviço de TI,27170,"R$ 9.000,00",Serviço de TI,True,,,,,,,
Prestação de Serviço de Telefonia Móvel Pessoal e Serviços de Dados,Necessidade de manter empresa para fornecimento de linhas de telefone para a comunicação entre membros e servidores seja eficiente e contínua.,Serviço,1412,"R$ 0,00",Serviço,True,,,,,,,
Contratação de software de orçamento de obras - OrçaFascio,Necessidade de software para apoio na elaboração de planilhas de contratação e automatização dos bancos de preço base e na geração de composições de custos,Serviço de TI,2607,"R$ 0,00",Serviço de TI,True,,,,,,,
"Recarga de Gás Liquefeito de Petróleo (GLP), somente a recarga (sem vasilhame), composição básica Propano e Butano. Acondicionada em botijas de 45 (quarenta e cinco) kg, conforme Portaria 47 de 24/03/99 ANP, NPR 14024 da ABNT.",A Contratação é necessária para repor o estoque e manter o funcionamento das atividades ministeriais.,Material de Consumo,461652,"R$ 600,00",Material de Consumo,True,,,,,,,
"VASILHAME DE GAS DE COZINHA SEM CARGA DE GAS - GLP 45 KG COM MONTAGEM INCLUSA, Botijão de uso doméstico com capacidade para 45 kg de GLP. Fabricado segundo norma NBR 8460 da ABNT - Associação Brasileira de Normas Técnicas. Possuir disposítivo de segurança de acordo com a norma ABNT 8614 que, em caso de aumento da pressão interna, libera o GLP impedindo que ocorra uma explosão do vasilhame, entrega de acordo com a necessidade.",A Contratação é necessária para repor o estoque e manter o funcionamento das atividades ministeriais.,Material de Consumo,461515,"R$ 1.500,00",Material de Consumo,True,,,,,,,
"Hospedagem em hotel (Quarto Triplo) em Picos/PI, incluindo café da manhã, wi-fi e estacionamento.", A contratação é motivada pelo princípio da eficiência e pela necessidade de interiorização das ações de aperfeiçoamento funcional. O deslocamento dos instrutores é condição sine qua non para a realização do curso na sede regional,Serviço,9946,"R$ 230,00",Serviço,True,,,,,,,
"Hospedagem em hotel (Quarto individual e quarto duplo) em Picos/PI, incluindo café da manhã, wi-fi e estacionamento.", A contratação é motivada pelo princípio da eficiência e pela necessidade de interiorização das ações de aperfeiçoamento funcional. O deslocamento dos instrutores é condição sine qua non para a realização do curso na sede regional,Serviço,9946,"R$ 0,00",Serviço,True,,,,,,,
Gestão e Controle de Contas de Usuários Privilegiados(PAM- PRIVILEGED ACCESS MANAGEMENT),Necessidade manter o controle de acessos às contas de usuários do MPPI,Serviço de TI,000,"R$ 3.000.000,00",Serviço de TI,True,,,,,,,
Aquisição de material de manutenção predial e construção,Necessidade de repor o estoque e manter o funcionamento das atividades ministeriais.,Material de Consumo,5680,"R$ 94.612,25",Material de Consumo,True,,,,,,,
"Saco Plastico Transparente, De Alta Resistência, Dimensões 50X80 Cm, Com Expessura Mínima De 0,010Mm, E Resistência Para 30 (Trinta) Quilos. Características Adicionais: Sanfonado. Pacote Com 100 unidades.",A Contratação é necessária para repor o estoque e manter o funcionamento das atividades ministeriais.,Material de Consumo,11903,"R$ 55,00",Material de Consumo,True,,,,,,,
"Serviço de Agente de Limpeza Institucional, com dedicação exclusiva de mão de obra - POSTO BURITI DOS LOPES",A renovação faz-se necessária para manutenção dos serviços de limpeza e conservação nas sedes do MPPI em todo o estado do Piauí.,Serviço Tercerizado,30185,"R$ 50.000,00",Serviço Tercerizado,True,,,,,,,
Aquisição de material de higiene e limpeza para o MP-PI,Necessidade de repor o estoque e manter o funcionamento das atividades ministeriais.,Material de Consumo,0000,"R$ 31.175,50",Material de Consumo,True,,,,,,,
Aquisição de material de manutenção predial e construção,Necessidade de repor o estoque e manter o funcionamento das atividades ministeriais.,Material de Consumo,0000,"R$ 94.612,25",Material de Consumo,True,,,,,,,
"Manutenção  de edificações com aplicação de material, para o Ministério Público do Estado do Piauí","A Contratação de empresa especializada em conversação e manutenção de edificações é justificada pela necessidade imprescindível de preservação e conservação dos prédios sedes do Ministério Público do Estado do Piauí em Teresina, bem como atender  s demandas de manutenções, e realização de serviços preventivos e corretivos para melhor solucionar as necessidades dos servidores e membros. Justifica-se, ainda, em razão de o Ministério Público não dispor, no seu quadro de pessoal, de força de trabalho especializada, treinada e  ualificada para a prestação desses serviços.",Serviço de Engenharia,001627,"R$ 4.911,62",Serviço de Engenharia,True,,,,,,,
"Manutenção  de edificações com aplicação de material, para o Ministério Público do Estado do Piauí","A Contratação de empresa especializada em conversação e manutenção de edificações é justificada pela necessidade imprescindível de preservação e conservação dos prédios sedes do Ministério Público do Estado do Piauí em Teresina, bem como atender  s demandas de manutenções, e realização de serviços preventivos e corretivos para melhor solucionar as necessidades dos servidores e membros. Justifica-se, ainda, em razão de o Ministério Público não dispor, no seu quadro de pessoal, de força de trabalho especializada, treinada e  ualificada para a prestação desses serviços.",Serviço de Engenharia,001627,"R$ 547,21",Serviço de Engenharia,True,,,,,,,
"Manutenção  de edificações com aplicação de material, para o Ministério Público do Estado do Piauí","A Contratação de empresa especializada em conversação e manutenção de edificações é justificada pela necessidade imprescindível de preservação e conservação dos prédios sedes do Ministério Público do Estado do Piauí em Teresina, bem como atender  s demandas de manutenções, e realização de serviços preventivos e corretivos para melhor solucionar as necessidades dos servidores e membros. Justifica-se, ainda, em razão de o Ministério Público não dispor, no seu quadro de pessoal, de força de trabalho especializada, treinada e  ualificada para a prestação desses serviços.",Serviço de Engenharia,001627,"R$ 770,64",Serviço de Engenharia,True,,,,,,,
"Manutenção  de edificações com aplicação de material, para o Ministério Público do Estado do Piauí","A Contratação de empresa especializada em conversação e manutenção de edificações é justificada pela necessidade imprescindível de preservação e conservação dos prédios sedes do Ministério Público do Estado do Piauí em Teresina, bem como atender  s demandas de manutenções, e realização de serviços preventivos e corretivos para melhor solucionar as necessidades dos servidores e membros. Justifica-se, ainda, em razão de o Ministério Público não dispor, no seu quadro de pessoal, de força de trabalho especializada, treinada e  ualificada para a prestação desses serviços.",Serviço de Engenharia,001627,"R$ 229,69",Serviço de Engenharia,True,,,,,,,
